upc,kind,target_wos,week,item
860013475734,weekly,4.5,2026-10-08,Carbliss Backyard Bliss Variety Pack 8pk 12oz can
20051,weekly,4.5,2026-10-08,Ursa Minor Cabana Boi
5902119001167,weekly,4.5,2026-10-08,Zingi Ginger
085000434437,weekly,4.5,2026-10-08,New Amsterdam Wildcard Hard Lemonade 4pk 12oz can
850039023262,weekly,4.5,2026-10-08,Welch's Vodka Transfusion 4pk 12oz can
080432000069,weekly,4.5,2026-10-08,Jameson & Cola 4pk 12oz can
018200089985,weekly,4.5,2026-10-08,Bud Light
01816820,weekly,4.5,2026-10-08,Budweiser
01843125,weekly,4.5,2026-10-08,Michelob Golden Light
723830200180,weekly,4.5,2026-10-08,Lagunitas Uncensored Punch 19.2oz can
082000796213,sunday,4.5,2026-10-11,Crown Royal Peach Tea 4pk 12oz can
087692003854,sunday,4.5,2026-10-11,Twisted Tea Raspberry
