Product Code,Price,Price A,Sale Price,Grand Total
088076164444,27.99,0,,27.99
088076164444,27.99,0,,27.99
088076164444,27.99,0,,27.99
088076164444,27.99,0,,27.99
088076164444,27.99,0,,27.99
088076164444,27.99,0,,27.99
088076164444,27.99,0,,27.99
088076164444,27.99,0,,27.99
088076164444,27.99,0,,27.99
088076164444,27.99,0,,27.99
088076164444,27.99,0,,27.99
088076164444,27.99,0,,27.99
088076164444,27.99,0,,27.99
088076164444,27.99,0,,27.99
088076164444,27.99,0,,27.99
088076164444,27.99,0,,27.99
852955008163,25.99,0,,25.99
852955008163,25.99,0,,25.99
852955008163,25.99,0,,25.99
852955008163,25.99,0,,25.99
852955008163,25.99,0,,25.99
852955008163,25.99,0,,25.99
852955008163,25.99,0,,25.99
852955008163,25.99,0,,25.99
852955008163,25.99,0,,25.99
852955008163,25.99,0,,25.99
852955008163,25.99,0,,25.99
852955008163,25.99,0,,25.99
852955008163,25.99,0,,25.99
852955008163,25.99,0,,25.99
852955008163,25.99,0,,25.99
852955008163,25.99,0,,25.99
7503013136207,39.99,0,,39.99
7503013136207,39.99,0,,39.99
7503013136207,39.99,0,,39.99
7503013136207,39.99,0,,39.99
7503013136207,39.99,0,,39.99
7503013136207,39.99,0,,39.99
7503013136207,39.99,0,,39.99
7503013136207,39.99,0,,39.99
7503013136207,39.99,0,,39.99
7503013136207,39.99,0,,39.99
7503013136207,39.99,0,,39.99
7503013136207,39.99,0,,39.99
7503013136207,39.99,0,,39.99
7503013136207,39.99,0,,39.99
7503013136207,39.99,0,,39.99
7503013136207,39.99,0,,39.99
88004030711,0,0,,0
88004030711,0,0,,0
88004030711,0,0,,0
88004030711,0,0,,0
88004030711,0,0,,0
88004030711,0,0,,0
88004030711,0,0,,0
88004030711,0,0,,0
88004030711,0,0,,0
88004030711,0,0,,0
88004030711,0,0,,0
88004030711,0,0,,0
88004030711,0,0,,0
88004030711,0,0,,0
88004030711,0,0,,0
88004030711,0,0,,0
088004027971,49.99,0,,49.99
088004027971,49.99,0,,49.99
088004027971,49.99,0,,49.99
088004027971,49.99,0,,49.99
088004027971,49.99,0,,49.99
088004027971,49.99,0,,49.99
088004027971,49.99,0,,49.99
088004027971,49.99,0,,49.99
088004027971,49.99,0,,49.99
088004027971,49.99,0,,49.99
088004027971,49.99,0,,49.99
088004027971,49.99,0,,49.99
088004027971,49.99,0,,49.99
088004027971,49.99,0,,49.99
088004027971,49.99,0,,49.99
088004027971,49.99,0,,49.99
080660001159,48.99,39.96,0,88.95
080660001159,48.99,39.96,0,88.95
080660001159,48.99,39.96,0,88.95
080660001159,48.99,39.96,0,88.95
080660001159,48.99,39.96,0,88.95
080660001159,48.99,39.96,0,88.95
080660001159,48.99,39.96,0,88.95
080660001159,48.99,39.96,0,88.95
080660001159,48.99,39.96,0,88.95
080660001159,48.99,39.96,0,88.95
080660001159,48.99,39.96,0,88.95
080660001159,48.99,39.96,0,88.95
080660001159,48.99,39.96,0,88.95
080660001159,48.99,39.96,0,88.95
080660001159,48.99,39.96,0,88.95
080660001159,48.99,39.96,0,88.95
080660001142,39.99,0,,39.99
080660001142,39.99,0,,39.99
080660001142,39.99,0,,39.99
080660001142,39.99,34.96,,74.95
080660001142,39.99,0,,39.99
080660001142,39.99,0,,39.99
080660001142,39.99,34.96,,74.95
080660001142,39.99,0,,39.99
080660001142,39.99,34.96,,74.95
080660001142,39.99,0,,39.99
080660001142,39.99,34.96,,74.95
080660001142,39.99,0,,39.99
080660001142,39.99,0,,39.99
080660001142,39.99,0,,39.99
080660001142,39.99,34.96,,74.95
080660001142,39.99,0,,39.99
080660001203,34.99,22.96,0,57.95
080660001203,34.99,22.96,0,57.95
080660001203,34.99,22.96,0,57.95
080660001203,34.99,22.96,0,57.95
080660001203,34.99,22.96,0,57.95
080660001203,34.99,22.96,0,57.95
080660001203,34.99,22.96,0,57.95
080660001203,34.99,22.96,0,57.95
080660001203,34.99,22.96,0,57.95
080660001203,34.99,22.96,0,57.95
080660001203,34.99,22.96,0,57.95
080660001203,34.99,22.96,0,57.95
080660001203,34.99,22.96,0,57.95
080660001203,34.99,22.96,0,57.95
080660001203,34.99,22.96,0,57.95
080660001203,34.99,22.96,0,57.95
811538010030,50.99,0,,50.99
811538010030,50.99,0,,50.99
811538010030,50.99,0,,50.99
811538010030,50.99,0,,50.99
811538010030,50.99,0,,50.99
811538010030,50.99,0,,50.99
811538010030,50.99,0,,50.99
811538010030,50.99,0,,50.99
811538010030,50.99,0,,50.99
811538010030,50.99,0,,50.99
811538010030,50.99,0,,50.99
811538010030,50.99,0,,50.99
811538010030,50.99,0,,50.99
811538010030,50.99,0,,50.99
811538010030,50.99,0,,50.99
811538010030,50.99,0,,50.99
818844029671,18.99,16.96,,35.95
818844029671,18.99,16.96,,35.95
818844029671,18.99,16.96,,35.95
818844029671,18.99,16.96,,35.95
818844029671,18.99,16.96,,35.95
818844029671,18.99,16.96,,35.95
818844029671,18.99,16.96,,35.95
818844029671,18.99,16.96,,35.95
818844029671,18.99,16.96,,35.95
818844029671,18.99,16.96,,35.95
818844029671,18.99,16.96,,35.95
818844029671,18.99,16.96,,35.95
818844029671,18.99,16.96,,35.95
818844029671,18.99,16.96,,35.95
818844029671,18.99,16.96,,35.95
818844029671,18.99,16.96,,35.95
811538010368,17.99,0,,17.99
811538010368,17.99,0,,17.99
811538010368,17.99,0,,17.99
811538010368,17.99,0,,17.99
811538010368,17.99,0,,17.99
811538010368,17.99,0,,17.99
811538010368,17.99,0,,17.99
811538010368,17.99,0,,17.99
811538010368,17.99,0,,17.99
811538010368,17.99,0,,17.99
811538010368,17.99,0,,17.99
811538010368,17.99,0,,17.99
811538010368,17.99,0,,17.99
811538010368,17.99,0,,17.99
811538010368,17.99,0,,17.99
811538010368,17.99,0,,17.99
811538010375,29.99,25.96,,55.95
811538010375,30.49,25.96,,56.45
811538010375,29.99,25.96,,55.95
811538010375,30.49,25.96,,56.45
811538010375,29.99,25.96,,55.95
811538010375,29.99,0,,29.99
811538010375,30.49,25.96,,56.45
811538010375,30.49,25.96,,56.45
811538010375,29.99,25.96,,55.95
811538010375,30.49,25.96,,56.45
811538010375,29.99,25.96,,55.95
811538010375,29.99,25.96,,55.95
811538010375,30.49,25.96,,56.45
811538010375,29.99,0,,29.99
811538010375,29.99,0,,29.99
811538010375,30.49,25.96,,56.45
811538104557,22.99,0,,22.99
811538104557,22.99,0,,22.99
811538104557,22.99,0,,22.99
811538104557,22.99,0,,22.99
811538104557,22.99,0,,22.99
811538104557,22.99,0,,22.99
811538104557,22.99,0,,22.99
811538104557,22.99,0,,22.99
811538104557,22.99,0,,22.99
811538104557,22.99,0,,22.99
811538104557,22.99,0,,22.99
811538104557,22.99,0,,22.99
811538104557,22.99,0,,22.99
811538104557,22.99,0,,22.99
811538104557,22.99,0,,22.99
811538104557,22.99,0,,22.99
818844029367,19.99,17.96,,37.95
818844029367,19.99,17.96,,37.95
818844029367,19.99,17.96,,37.95
818844029367,19.99,17.96,,37.95
818844029367,19.99,17.96,,37.95
818844029367,19.99,17.96,,37.95
818844029367,19.99,17.96,,37.95
818844029367,19.99,17.96,,37.95
818844029367,19.99,17.96,,37.95
818844029367,19.99,17.96,,37.95
818844029367,19.99,17.96,,37.95
818844029367,19.99,17.96,,37.95
818844029367,19.99,17.96,,37.95
818844029367,19.99,17.96,,37.95
818844029367,19.99,17.96,,37.95
818844029367,19.99,17.96,,37.95
811538010252,46.99,39.96,0,86.95
811538010252,46.99,39.96,0,86.95
811538010252,44.99,37.96,0,82.95
811538010252,46.99,39.96,0,86.95
811538010252,46.99,39.96,0,86.95
811538010252,46.99,39.96,0,86.95
811538010252,46.99,39.96,0,86.95
811538010252,46.99,39.96,0,86.95
811538010252,46.99,39.96,0,86.95
811538010252,46.99,39.96,0,86.95
811538010252,46.99,39.96,0,86.95
811538010252,46.99,39.96,0,86.95
811538010252,46.99,39.96,0,86.95
811538010252,46.99,39.96,0,86.95
811538010252,46.99,39.96,0,86.95
811538010252,46.99,39.96,0,86.95
811538010214,4.99,0,,4.99
811538010214,4.99,0,,4.99
811538010214,4.99,0,,4.99
811538010214,4.99,0,,4.99
811538010214,4.99,0,,4.99
811538010214,4.99,0,,4.99
811538010214,4.99,0,,4.99
811538010214,4.99,0,,4.99
811538010214,4.99,0,,4.99
811538010214,4.99,0,,4.99
811538010214,4.99,0,,4.99
811538010214,4.99,0,,4.99
811538010214,4.99,0,,4.99
811538010214,4.99,0,,4.99
811538010214,4.99,0,,4.99
811538010214,4.99,0,,4.99
811538010238,33.49,27.96,0,61.45
811538010238,33.49,27.96,0,61.45
811538010238,33.49,27.96,0,61.45
811538010238,33.49,27.96,0,61.45
811538010238,33.49,27.96,0,61.45
811538010238,33.49,27.96,0,61.45
811538010238,33.49,27.96,0,61.45
811538010238,33.49,27.96,0,61.45
811538010238,33.49,27.96,0,61.45
811538010238,33.49,27.96,0,61.45
811538010238,33.49,27.96,0,61.45
811538010238,33.49,27.96,0,61.45
811538010238,33.49,27.96,0,61.45
811538010238,33.49,27.96,0,61.45
811538010238,33.49,27.96,0,61.45
811538010238,33.49,27.96,0,61.45
811538010153,40.99,34.96,0,75.95
811538010153,40.99,34.96,0,75.95
811538010153,39.99,32.96,0,72.95
811538010153,40.99,34.96,0,75.95
811538010153,40.99,34.96,0,75.95
811538010153,40.99,34.96,0,75.95
811538010153,40.99,34.96,0,75.95
811538010153,40.99,34.96,0,75.95
811538010153,40.99,34.96,0,75.95
811538010153,40.99,34.96,0,75.95
811538010153,40.99,34.96,0,75.95
811538010153,40.99,34.96,0,75.95
811538010153,40.99,34.96,0,75.95
811538010153,40.99,34.96,0,75.95
811538010153,40.99,34.96,0,75.95
811538010153,40.99,34.96,0,75.95
811538010122,17.99,14.96,0,32.95
811538010122,17.99,14.96,0,32.95
811538010122,17.99,14.96,0,32.95
811538010122,17.99,14.96,0,32.95
811538010122,17.99,14.96,0,32.95
811538010122,17.99,14.96,0,32.95
811538010122,17.99,14.96,0,32.95
811538010122,17.99,14.96,0,32.95
811538010122,17.99,14.96,0,32.95
811538010122,17.99,14.96,0,32.95
811538010122,17.99,14.96,0,32.95
811538010122,17.99,14.96,0,32.95
811538010122,17.99,14.96,0,32.95
811538010122,17.99,14.96,0,32.95
811538010122,17.99,14.96,0,32.95
811538010122,17.99,14.96,0,32.95
811538010115,4.99,0,,4.99
811538010115,4.99,0,,4.99
811538010115,4.99,0,,4.99
811538010115,4.99,0,,4.99
811538010115,4.99,0,,4.99
811538010115,4.99,0,,4.99
811538010115,4.99,0,,4.99
811538010115,4.99,0,,4.99
811538010115,4.99,0,,4.99
811538010115,4.99,0,,4.99
811538010115,4.99,0,,4.99
811538010115,4.99,0,,4.99
811538010115,4.99,0,,4.99
811538010115,4.99,0,,4.99
811538010115,4.99,0,,4.99
811538010115,4.99,0,,4.99
811538010139,29.99,25.96,0,55.95
811538010139,29.99,25.96,0,55.95
811538010139,29.99,24.96,0,54.95
811538010139,29.99,25.96,0,55.95
811538010139,29.99,25.96,0,55.95
811538010139,29.99,25.96,0,55.95
811538010139,29.99,25.96,0,55.95
811538010139,29.99,25.96,0,55.95
811538010139,29.99,25.96,0,55.95
811538010139,29.99,25.96,0,55.95
811538010139,29.99,25.96,0,55.95
811538010139,29.99,25.96,0,55.95
811538010139,29.99,25.96,0,55.95
811538010139,29.99,25.96,0,55.95
811538010139,29.99,25.96,0,55.95
811538010139,29.99,25.96,0,55.95
811538010108,9.99,8.96,,18.950000000000003
811538010108,9.99,8.96,,18.950000000000003
811538010108,9.99,8.96,,18.950000000000003
811538010108,9.99,8.96,,18.950000000000003
811538010108,9.99,8.96,,18.950000000000003
811538010108,9.99,8.96,,18.950000000000003
811538010108,9.99,8.96,,18.950000000000003
811538010108,9.99,8.96,,18.950000000000003
811538010108,9.99,8.96,,18.950000000000003
811538010108,9.99,8.96,,18.950000000000003
811538010108,9.99,8.96,,18.950000000000003
811538010108,9.99,8.96,,18.950000000000003
811538010108,9.99,8.96,,18.950000000000003
811538010108,9.99,8.96,,18.950000000000003
811538010108,9.99,8.96,,18.950000000000003
811538010108,9.99,8.96,,18.950000000000003
811538010221,19.99,16.96,,36.95
811538010221,19.99,16.96,,36.95
811538010221,19.99,16.96,,36.95
811538010221,19.99,16.96,,36.95
811538010221,19.99,16.96,,36.95
811538010221,19.99,16.96,,36.95
811538010221,19.99,16.96,,36.95
811538010221,19.99,16.96,,36.95
811538010221,19.99,16.96,,36.95
811538010221,19.99,16.96,,36.95
811538010221,19.99,16.96,,36.95
811538010221,19.99,16.96,,36.95
811538010221,19.99,16.96,,36.95
811538010221,19.99,16.96,,36.95
811538010221,19.99,16.96,,36.95
811538010221,19.99,16.96,,36.95
818844026465,22.99,17.96,,40.95
818844026465,20.99,17.96,,38.95
818844026465,22.99,17.96,,40.95
818844026465,20.99,17.96,,38.95
818844026465,20.99,17.96,,38.95
818844026465,20.99,17.96,,38.95
818844026465,20.99,17.96,,38.95
818844026465,20.99,17.96,,38.95
818844026465,22.99,17.96,,40.95
818844026465,20.99,17.96,,38.95
818844026465,20.99,17.96,,38.95
818844026465,22.99,17.96,,40.95
818844026465,20.99,17.96,,38.95
818844026465,22.99,17.96,,40.95
818844026465,20.99,17.96,,38.95
818844026465,20.99,17.96,,38.95
811538012867,22.99,17.96,,40.95
811538012867,22.99,17.96,,40.95
811538012867,22.99,17.96,,40.95
811538012867,22.99,17.96,,40.95
811538012867,22.99,17.96,,40.95
811538012867,22.99,17.96,,40.95
811538012867,22.99,17.96,,40.95
811538012867,22.99,17.96,,40.95
811538012867,22.99,17.96,,40.95
811538012867,22.99,17.96,,40.95
811538012867,22.99,17.96,,40.95
811538012867,22.99,17.96,,40.95
811538012867,22.99,17.96,,40.95
811538012867,22.99,17.96,,40.95
811538012867,22.99,17.96,,40.95
811538012867,22.99,17.96,,40.95
811538019187,22.99,0,,22.99
811538019187,22.99,0,,22.99
811538019187,22.99,0,,22.99
811538019187,22.99,0,,22.99
811538019187,22.99,0,,22.99
811538019187,22.99,17.96,,40.95
811538019187,22.99,0,,22.99
811538019187,22.99,0,,22.99
811538019187,22.99,0,,22.99
811538019187,22.99,0,,22.99
811538019187,22.99,0,,22.99
811538019187,22.99,0,,22.99
811538019187,22.99,0,,22.99
811538019187,22.99,0,,22.99
811538019187,22.99,0,,22.99
811538019187,22.99,0,,22.99
811538013819,22.99,17.96,,40.95
811538013819,22.99,17.96,,40.95
811538013819,22.99,17.96,,40.95
811538013819,22.99,17.96,,40.95
811538013819,22.99,17.96,,40.95
811538013819,22.99,17.96,,40.95
811538013819,22.99,17.96,,40.95
811538013819,22.99,17.96,,40.95
811538013819,22.99,17.96,,40.95
811538013819,22.99,17.96,,40.95
811538013819,22.99,17.96,,40.95
811538013819,22.99,17.96,,40.95
811538013819,22.99,17.96,,40.95
811538013819,22.99,17.96,,40.95
811538013819,22.99,17.96,,40.95
811538013819,22.99,17.96,,40.95
811538014557,22.99,0,,22.99
811538014557,22.99,0,,22.99
811538014557,22.99,0,,22.99
811538014557,22.99,0,,22.99
811538014557,22.99,0,,22.99
811538014557,22.99,0,,22.99
811538014557,22.99,0,,22.99
811538014557,22.99,0,,22.99
811538014557,22.99,0,,22.99
811538014557,22.99,0,,22.99
811538014557,22.99,0,,22.99
811538014557,22.99,0,,22.99
811538014557,22.99,0,,22.99
811538014557,22.99,0,,22.99
811538014557,22.99,0,,22.99
811538014557,22.99,0,,22.99
811538019156,23.99,19.96,,43.95
811538019156,23.99,19.96,,43.95
811538019156,23.99,19.96,,43.95
811538019156,23.99,19.96,,43.95
811538019156,23.99,19.96,,43.95
811538019156,23.99,19.96,,43.95
811538019156,23.99,19.96,,43.95
811538019156,23.99,19.96,,43.95
811538019156,23.99,19.96,,43.95
811538019156,23.99,19.96,,43.95
811538019156,23.99,19.96,,43.95
811538019156,23.99,19.96,,43.95
811538019156,23.99,19.96,,43.95
811538019156,23.99,19.96,,43.95
811538019156,23.99,19.96,,43.95
811538019156,23.99,19.96,,43.95
811538016445,22.99,17.96,,40.95
811538016445,22.99,17.96,,40.95
811538016445,22.99,17.96,,40.95
811538016445,22.99,17.96,,40.95
811538016445,22.99,17.96,,40.95
811538016445,22.99,17.96,,40.95
811538016445,22.99,17.96,,40.95
811538016445,22.99,17.96,,40.95
811538016445,22.99,17.96,,40.95
811538016445,22.99,17.96,,40.95
811538016445,22.99,17.96,,40.95
811538016445,22.99,17.96,,40.95
811538016445,20.99,17.96,,38.95
811538016445,22.99,17.96,,40.95
811538016445,22.99,17.96,,40.95
811538016445,22.99,17.96,,40.95
850010806303,35.49,29.96,,65.45
850010806303,35.49,29.96,,65.45
850010806303,35.49,29.96,,65.45
850010806303,35.49,29.96,,65.45
850010806303,39.99,29.96,,69.95
850010806303,39.99,29.96,,69.95
850010806303,35.49,29.96,,65.45
850010806303,35.49,29.96,,65.45
850010806303,39.99,29.96,,69.95
850010806303,35.49,29.96,,65.45
850010806303,39.99,29.96,,69.95
850010806303,35.49,29.96,,65.45
850010806303,35.49,29.96,,65.45
850010806303,39.99,29.96,,69.95
850010806303,35.49,29.96,,65.45
850010806303,35.49,29.96,,65.45
080686294016,40.99,34.96,0,75.95
080686294016,40.99,34.96,0,75.95
080686294016,37.99,32.96,0,70.95
080686294016,40.99,34.96,0,75.95
080686294016,40.99,34.96,0,75.95
080686294016,40.99,34.96,0,75.95
080686294016,40.99,34.96,0,75.95
080686294016,40.99,34.96,0,75.95
080686294016,40.99,34.96,0,75.95
080686294016,40.99,34.96,0,75.95
080686294016,40.99,34.96,0,75.95
080686294016,40.99,34.96,0,75.95
080686294016,40.99,34.96,0,75.95
080686294016,40.99,34.96,0,75.95
080686294016,40.99,34.96,0,75.95
080686294016,40.99,34.96,0,75.95
080686294030,1.49,1.24,,2.73
080686294030,1.49,1.24,,2.73
080686294030,1.49,1.24,,2.73
080686294030,1.49,1.24,,2.73
080686294030,1.49,1.24,,2.73
080686294030,1.49,1.24,,2.73
080686294030,1.49,1.24,,2.73
080686294030,1.49,1.24,,2.73
080686294030,1.49,1.24,,2.73
080686294030,1.49,1.24,,2.73
080686294030,1.49,1.24,,2.73
080686294030,1.49,1.24,,2.73
080686294030,1.49,1.24,,2.73
080686294030,1.49,1.24,,2.73
080686294030,1.49,1.24,,2.73
080686294030,1.49,1.24,,2.73
857566003019,20.99,17.96,,38.95
857566003019,20.99,17.96,,38.95
857566003019,20.99,17.96,,38.95
857566003019,20.99,17.96,,38.95
857566003019,20.99,17.96,,38.95
857566003019,20.99,17.96,,38.95
857566003019,20.99,17.96,,38.95
857566003019,20.99,17.96,,38.95
857566003019,20.99,17.96,,38.95
857566003019,20.99,17.96,,38.95
857566003019,20.99,17.96,,38.95
857566003019,20.99,17.96,,38.95
857566003019,20.99,17.96,,38.95
857566003019,20.99,17.96,,38.95
857566003019,20.99,17.96,,38.95
857566003019,20.99,17.96,,38.95
071537000023,0.8316,0,,0.8316
071537000023,0.8316,0,,0.8316
071537000023,0.8316,0,,0.8316
071537000023,0.8316,0,,0.8316
071537000023,0.8316,0,,0.8316
071537000023,0.8316,0,,0.8316
071537000023,0.8316,0,,0.8316
071537000023,0.8316,0,,0.8316
071537000023,0.8316,0,,0.8316
071537000023,0.8316,0,,0.8316
071537000023,0.8316,0,,0.8316
071537000023,0.8316,0,,0.8316
071537000023,0.8316,0,,0.8316
071537000023,0.8316,0,,0.8316
071537000023,0.8316,0,,0.8316
071537000023,0.8316,0,,0.8316
080686294023,24.99,21.96,0,46.95
080686294023,24.99,21.96,0,46.95
080686294023,22.99,20.96,0,43.95
080686294023,24.99,21.96,0,46.95
080686294023,24.99,21.96,0,46.95
080686294023,24.99,21.96,0,46.95
080686294023,24.99,21.96,0,46.95
080686294023,24.99,21.96,0,46.95
080686294023,24.99,21.96,0,46.95
080686294023,24.99,21.96,0,46.95
080686294023,24.99,21.96,0,46.95
080686294023,24.99,21.96,0,46.95
080686294023,24.99,21.96,0,46.95
080686294023,24.99,21.96,0,46.95
080686294023,24.99,21.96,0,46.95
080686294023,24.99,21.96,0,46.95
088076188808,35.49,29.96,,65.45
088076188808,35.49,29.96,,65.45
088076188808,35.49,29.96,,65.45
088076188808,34.99,29.96,,64.95
088076188808,35.49,29.96,,65.45
088076188808,35.49,29.96,,65.45
088076188808,35.49,29.96,,65.45
088076188808,34.99,29.96,,64.95
088076188808,35.49,29.96,,65.45
088076188808,35.49,29.96,,65.45
088076188808,35.49,29.96,,65.45
088076188808,35.49,29.96,,65.45
088076188808,35.49,29.96,,65.45
088076188808,35.49,29.96,,65.45
088076188808,35.49,29.96,,65.45
088076188808,35.49,29.96,,65.45
088076188815,34.99,29.96,,64.95
088076188815,35.49,29.96,,65.45
088076188815,34.99,29.96,,64.95
088076188815,35.49,29.96,,65.45
088076188815,34.99,29.96,,64.95
088076188815,35.49,29.96,,65.45
088076188815,34.99,29.96,,64.95
088076188815,35.49,29.96,,65.45
088076188815,34.99,29.96,,64.95
088076188815,34.99,29.96,,64.95
088076188815,35.49,29.96,,65.45
088076188815,34.99,29.96,,64.95
088076188815,34.99,29.96,,64.95
088076188815,35.49,29.96,,65.45
088076188815,34.99,29.96,,64.95
088076188815,35.49,29.96,,65.45
088076188822,34.99,29.96,,64.95
088076188822,35.49,29.96,,65.45
088076188822,35.49,29.96,,65.45
088076188822,34.99,29.96,,64.95
088076188822,34.99,29.96,,64.95
088076188822,34.99,29.96,,64.95
088076188822,35.49,29.96,,65.45
088076188822,35.49,29.96,,65.45
088076188822,34.99,29.96,,64.95
088076188822,34.99,29.96,,64.95
088076188822,35.49,29.96,,65.45
088076188822,35.49,29.96,,65.45
088076188822,35.49,29.96,,65.45
088076188822,35.49,29.96,,65.45
088076188822,34.99,29.96,,64.95
088076188822,35.49,29.96,,65.45
084279008165,47.99,39.96,,87.95
084279008165,47.99,39.96,,87.95
084279008165,48.99,39.96,,88.95
084279008165,48.99,39.96,,88.95
084279008165,48.99,39.96,,88.95
084279008165,48.99,39.96,,88.95
084279008165,48.99,39.96,,88.95
084279008165,48.99,39.96,,88.95
084279008165,48.99,39.96,,88.95
084279008165,48.99,39.96,,88.95
084279008165,48.99,39.96,,88.95
084279008165,48.99,39.96,,88.95
084279008165,47.99,39.96,,87.95
084279008165,47.99,39.96,,87.95
084279008165,48.99,39.96,,88.95
084279008165,47.99,39.96,,87.95
084279007991,99.99,0,,99.99
084279007991,99.99,0,,99.99
084279007991,99.99,0,,99.99
084279007991,99.99,0,,99.99
084279007991,99.99,0,,99.99
084279007991,99.99,0,,99.99
084279007991,99.99,0,,99.99
084279007991,99.99,0,,99.99
084279007991,99.99,0,,99.99
084279007991,99.99,0,,99.99
084279007991,99.99,0,,99.99
084279007991,99.99,0,,99.99
084279007991,95.99,79.95,,175.94
084279007991,99.99,0,,99.99
084279007991,99.99,0,,99.99
084279007991,99.99,0,,99.99
084279007748,99.99,0,,99.99
084279007748,99.99,0,,99.99
084279007748,99.99,0,,99.99
084279007748,99.99,0,,99.99
084279007748,99.99,0,,99.99
084279007748,99.99,0,,99.99
084279007748,99.99,0,,99.99
084279007748,99.99,0,,99.99
084279007748,99.99,0,,99.99
084279007748,99.99,0,,99.99
084279007748,99.99,0,,99.99
084279007748,99.99,0,,99.99
084279007748,99.99,0,,99.99
084279007748,99.99,0,,99.99
084279007748,99.99,0,,99.99
084279007748,99.99,0,,99.99
085592138591,14.99,12.96,,27.950000000000003
085592138591,14.99,12.96,,27.950000000000003
085592138591,14.99,12.96,,27.950000000000003
085592138591,14.99,12.96,,27.950000000000003
085592138591,14.99,12.96,,27.950000000000003
085592138591,14.99,12.96,,27.950000000000003
085592138591,14.99,12.96,,27.950000000000003
085592138591,14.99,12.96,,27.950000000000003
085592138591,14.99,12.96,,27.950000000000003
085592138591,14.99,12.96,,27.950000000000003
085592138591,14.99,12.96,,27.950000000000003
085592138591,14.99,12.96,,27.950000000000003
085592138591,14.99,12.96,,27.950000000000003
085592138591,14.99,12.96,,27.950000000000003
085592138591,14.99,12.96,,27.950000000000003
085592138591,14.99,12.96,,27.950000000000003
085592145995,14.99,0,,14.99
085592145995,14.99,0,,14.99
085592145995,14.99,0,,14.99
085592145995,14.99,0,,14.99
085592145995,14.99,0,,14.99
085592145995,14.99,0,,14.99
085592145995,14.99,0,,14.99
085592145995,14.99,0,,14.99
085592145995,14.99,0,,14.99
085592145995,14.99,0,,14.99
085592145995,14.99,0,,14.99
085592145995,14.99,0,,14.99
085592145995,14.99,0,,14.99
085592145995,14.99,0,,14.99
085592145995,14.99,0,,14.99
085592145995,14.99,0,,14.99
085592142598,14.99,12.96,,27.950000000000003
085592142598,14.99,12.96,,27.950000000000003
085592142598,14.99,12.96,,27.950000000000003
085592142598,14.99,12.96,,27.950000000000003
085592142598,14.99,12.96,,27.950000000000003
085592142598,14.99,12.96,,27.950000000000003
085592142598,14.99,12.96,,27.950000000000003
085592142598,14.99,12.96,,27.950000000000003
085592142598,14.99,12.96,,27.950000000000003
085592142598,14.99,12.96,,27.950000000000003
085592142598,14.99,12.96,,27.950000000000003
085592142598,14.99,12.96,,27.950000000000003
085592142598,14.99,12.96,,27.950000000000003
085592142598,14.99,12.96,,27.950000000000003
085592142598,14.99,12.96,,27.950000000000003
085592142598,14.99,12.96,,27.950000000000003
085592133718,23.99,0,,23.99
085592133718,23.99,0,,23.99
085592133718,23.99,0,,23.99
085592133718,23.99,0,,23.99
085592133718,23.99,0,,23.99
085592133718,23.99,0,,23.99
085592133718,23.99,0,,23.99
085592133718,23.99,0,,23.99
085592133718,23.99,0,,23.99
085592133718,23.99,0,,23.99
085592133718,23.99,0,,23.99
085592133718,23.99,0,,23.99
085592133718,23.99,0,,23.99
085592133718,23.99,0,,23.99
085592133718,23.99,0,,23.99
085592133718,23.99,0,,23.99
085592133794,14.99,0,,14.99
085592133794,14.99,0,,14.99
085592133794,14.99,0,,14.99
085592133794,14.99,0,,14.99
085592133794,14.99,0,,14.99
085592133794,14.99,0,,14.99
085592133794,14.99,0,,14.99
085592133794,14.99,0,,14.99
085592133794,14.99,0,,14.99
085592133794,14.99,0,,14.99
085592133794,14.99,0,,14.99
085592133794,14.99,0,,14.99
085592133794,14.99,0,,14.99
085592133794,14.99,0,,14.99
085592133794,14.99,0,,14.99
085592133794,14.99,0,,14.99
857747000042,26.99,0,,26.99
857747000042,26.99,0,,26.99
857747000042,26.99,0,,26.99
857747000042,26.99,0,,26.99
857747000042,26.99,0,,26.99
857747000042,26.99,0,,26.99
857747000042,26.99,0,,26.99
857747000042,26.99,0,,26.99
857747000042,26.99,0,,26.99
857747000042,26.99,0,,26.99
857747000042,26.99,0,,26.99
857747000042,26.99,0,,26.99
857747000042,26.99,0,,26.99
857747000042,26.99,0,,26.99
857747000042,26.99,0,,26.99
857747000042,26.99,0,,26.99
818844026335,59.99,54.96,,114.95
818844026335,65.99,54.96,,120.94999999999999
818844026335,65.99,54.96,,120.94999999999999
818844026335,65.99,54.96,,120.94999999999999
818844026335,59.99,54.96,,114.95
818844026335,65.99,54.96,,120.94999999999999
818844026335,59.99,54.96,,114.95
818844026335,59.99,54.96,,114.95
818844026335,59.99,54.96,,114.95
818844026335,59.99,54.96,,114.95
818844026335,65.99,54.96,,120.94999999999999
818844026335,65.99,54.96,,120.94999999999999
818844026335,65.99,54.96,,120.94999999999999
818844026335,59.99,54.96,,114.95
818844026335,59.99,54.96,,114.95
818844026335,65.99,54.96,,120.94999999999999
818844026342,44.99,39.96,,84.95
818844026342,47.99,39.96,,87.95
818844026342,47.99,39.96,,87.95
818844026342,47.99,39.96,,87.95
818844026342,47.99,39.96,,87.95
818844026342,47.99,39.96,,87.95
818844026342,44.99,39.96,,84.95
818844026342,44.99,39.96,,84.95
818844026342,44.99,39.96,,84.95
818844026342,44.99,39.96,,84.95
818844026342,47.99,39.96,,87.95
818844026342,47.99,39.96,,87.95
818844026342,47.99,39.96,,87.95
818844026342,44.99,39.96,,84.95
818844026342,47.99,39.96,,87.95
818844026342,47.99,39.96,,87.95
833597009633,29.99,27.96,,57.95
833597009633,33.49,27.96,,61.45
833597009633,29.99,27.96,,57.95
833597009633,33.49,27.96,,61.45
833597009633,33.49,27.96,,61.45
833597009633,29.99,27.96,,57.95
833597009633,33.49,27.96,,61.45
833597009633,29.99,27.96,,57.95
833597009633,29.99,27.96,,57.95
833597009633,33.49,27.96,,61.45
833597009633,33.49,27.96,,61.45
833597009633,29.99,27.96,,57.95
833597009633,33.49,27.96,,61.45
833597009633,29.99,27.96,,57.95
833597009633,29.99,27.96,,57.95
833597009633,29.99,27.96,,57.95
895412001079,47.99,44.96,,92.95
895412001079,53.99,44.96,,98.95
895412001079,53.99,44.96,,98.95
895412001079,47.99,44.96,,92.95
895412001079,47.99,44.96,,92.95
895412001079,47.99,44.96,,92.95
895412001079,47.99,44.96,,92.95
895412001079,47.99,44.96,,92.95
895412001079,53.99,44.96,,98.95
895412001079,47.99,44.96,,92.95
895412001079,53.99,44.96,,98.95
895412001079,53.99,44.96,,98.95
895412001079,53.99,44.96,,98.95
895412001079,53.99,44.96,,98.95
895412001079,47.99,44.96,,92.95
895412001079,53.99,44.96,,98.95
895412001130,42.99,39.96,,82.95
895412001130,47.99,39.96,,87.95
895412001130,47.99,39.96,,87.95
895412001130,42.99,39.96,,82.95
895412001130,42.99,39.96,,82.95
895412001130,42.99,39.96,,82.95
895412001130,42.99,39.96,,82.95
895412001130,42.99,39.96,,82.95
895412001130,42.99,39.96,,82.95
895412001130,42.99,39.96,,82.95
895412001130,42.99,39.96,,82.95
895412001130,47.99,39.96,,87.95
895412001130,47.99,39.96,,87.95
895412001130,47.99,39.96,,87.95
895412001130,42.99,39.96,,82.95
895412001130,47.99,39.96,,87.95
895412001505,54.99,46.96,,101.95
895412001505,54.99,46.96,,101.95
895412001505,54.99,46.96,,101.95
895412001505,54.99,46.96,,101.95
895412001505,54.99,46.96,,101.95
895412001505,54.99,46.96,,101.95
895412001505,54.99,46.96,,101.95
895412001505,54.99,46.96,,101.95
895412001505,54.99,46.96,,101.95
895412001505,54.99,46.96,,101.95
895412001505,54.99,46.96,,101.95
895412001505,54.99,46.96,,101.95
895412001505,54.99,46.96,,101.95
895412001505,54.99,46.96,,101.95
895412001505,54.99,46.96,,101.95
895412001505,54.99,46.96,,101.95
895412001093,53.99,44.96,,98.95
895412001093,53.99,44.96,,98.95
895412001093,53.99,44.96,,98.95
895412001093,47.99,44.96,,92.95
895412001093,47.99,44.96,,92.95
895412001093,47.99,44.96,,92.95
895412001093,47.99,44.96,,92.95
895412001093,47.99,44.96,,92.95
895412001093,53.99,44.96,,98.95
895412001093,47.99,44.96,,92.95
895412001093,53.99,44.96,,98.95
895412001093,53.99,44.96,,98.95
895412001093,53.99,44.96,,98.95
895412001093,53.99,44.96,,98.95
895412001093,47.99,44.96,,92.95
895412001093,47.99,44.96,,92.95
895412001000,31.99,29.96,,61.95
895412001000,35.49,29.96,,65.45
895412001000,35.49,29.96,,65.45
895412001000,35.49,29.96,,65.45
895412001000,31.99,29.96,,61.95
895412001000,31.99,29.96,,61.95
895412001000,35.49,29.96,,65.45
895412001000,31.99,29.96,,61.95
895412001000,31.99,29.96,,61.95
895412001000,31.99,29.96,,61.95
895412001000,35.49,29.96,,65.45
895412001000,35.49,29.96,,65.45
895412001000,35.49,29.96,,65.45
895412001000,35.49,29.96,,65.45
895412001000,35.49,29.96,,65.45
895412001000,35.49,29.96,,65.45
895412001048,29.99,29.99,,59.98
895412001048,29.99,29.99,,59.98
895412001048,29.99,29.99,,59.98
895412001048,29.99,29.99,,59.98
895412001048,29.99,29.99,,59.98
895412001048,29.99,29.99,,59.98
895412001048,29.99,29.99,,59.98
895412001048,29.99,29.99,,59.98
895412001048,29.99,29.99,,59.98
895412001048,29.99,29.99,,59.98
895412001048,29.99,29.99,,59.98
895412001048,29.99,29.99,,59.98
895412001048,29.99,29.99,,59.98
895412001048,29.99,0,,29.99
895412001048,29.99,29.99,,59.98
895412001048,29.99,29.99,,59.98
895412001109,47.99,44.96,,92.95
895412001109,47.99,44.96,,92.95
895412001109,47.99,44.96,,92.95
895412001109,53.99,44.96,,98.95
895412001109,53.99,44.96,,98.95
895412001109,47.99,44.96,,92.95
895412001109,47.99,44.96,,92.95
895412001109,47.99,44.96,,92.95
895412001109,53.99,44.96,,98.95
895412001109,47.99,44.96,,92.95
895412001109,47.99,44.96,,92.95
895412001109,47.99,44.96,,92.95
895412001109,53.99,44.96,,98.95
895412001109,33.49,27.95,,61.44
895412001109,47.99,44.96,,92.95
895412001109,47.99,44.96,,92.95
869921000014,26.99,0,,26.99
869921000014,26.99,0,,26.99
869921000014,26.99,0,,26.99
869921000014,26.99,0,,26.99
869921000014,26.99,0,,26.99
869921000014,26.99,0,,26.99
869921000014,26.99,0,,26.99
869921000014,26.99,0,,26.99
869921000014,26.99,0,,26.99
869921000014,26.99,0,,26.99
869921000014,26.99,0,,26.99
869921000014,26.99,0,,26.99
869921000014,26.99,0,,26.99
869921000014,26.99,0,,26.99
869921000014,26.99,0,,26.99
869921000014,26.99,0,,26.99
869921000007,26.99,0,,26.99
869921000007,26.99,0,,26.99
869921000007,26.99,0,,26.99
869921000007,26.99,0,,26.99
869921000007,26.99,0,,26.99
869921000007,26.99,0,,26.99
869921000007,26.99,0,,26.99
869921000007,26.99,0,,26.99
869921000007,26.99,0,,26.99
869921000007,26.99,0,,26.99
869921000007,26.99,0,,26.99
869921000007,26.99,0,,26.99
869921000007,26.99,0,,26.99
869921000007,26.99,0,,26.99
869921000007,26.99,0,,26.99
869921000007,26.99,0,,26.99
195893687015,36.99,29.96,0,66.95
195893687015,36.99,29.96,0,66.95
195893687015,36.99,29.96,0,66.95
195893687015,36.99,29.96,0,66.95
195893687015,36.99,29.96,0,66.95
195893687015,36.99,29.96,0,66.95
195893687015,36.99,29.96,0,66.95
195893687015,36.99,29.96,0,66.95
195893687015,36.99,29.96,0,66.95
195893687015,36.99,29.96,0,66.95
195893687015,36.99,29.96,0,66.95
195893687015,36.99,29.96,0,66.95
195893687015,36.99,29.96,0,66.95
195893687015,36.99,29.96,0,66.95
195893687015,36.99,29.96,0,66.95
195893687015,36.99,29.96,0,66.95
195893031092,47.99,39.96,,87.95
195893031092,47.99,39.96,,87.95
195893031092,49.99,39.96,,89.95
195893031092,49.99,39.96,,89.95
195893031092,49.99,39.96,,89.95
195893031092,47.99,39.96,,87.95
195893031092,49.99,39.96,,89.95
195893031092,49.99,39.96,,89.95
195893031092,49.99,39.96,,89.95
195893031092,49.99,39.96,,89.95
195893031092,49.99,39.96,,89.95
195893031092,49.99,39.96,,89.95
195893031092,47.99,39.96,,87.95
195893031092,47.99,39.96,,87.95
195893031092,47.99,39.96,,87.95
195893031092,49.99,39.96,,89.95
089000118311,2.99,1.96,,4.95
089000118311,2.99,1.96,,4.95
089000118311,2.99,1.96,,4.95
089000118311,2.99,1.96,,4.95
089000118311,2.99,1.96,,4.95
089000118311,2.29,1.96,,4.25
089000118311,2.99,1.96,,4.95
089000118311,2.99,1.96,,4.95
089000118311,2.99,1.96,,4.95
089000118311,2.99,1.96,,4.95
089000118311,2.99,1.96,,4.95
089000118311,2.99,1.96,,4.95
089000118311,2.99,1.96,,4.95
089000118311,2.99,1.96,,4.95
089000118311,2.99,1.96,,4.95
089000118311,2.99,1.96,,4.95
089000118380,5.99,5.99,,11.98
089000118380,5.99,5.99,,11.98
089000118380,5.99,5.99,,11.98
089000118380,5.99,5.99,,11.98
089000118380,5.99,5.99,,11.98
089000118380,5.99,5.99,,11.98
089000118380,5.99,5.99,,11.98
089000118380,5.99,5.99,,11.98
089000118380,5.99,5.99,,11.98
089000118380,5.99,5.99,,11.98
089000118380,5.99,5.99,,11.98
089000118380,5.99,5.99,,11.98
089000118380,5.99,5.99,,11.98
089000118380,5.99,0,,5.99
089000118380,5.99,5.99,,11.98
089000118380,5.99,5.99,,11.98
089000118373,10.99,8.96,,19.950000000000003
089000118373,9.99,8.96,,18.950000000000003
089000118373,9.99,8.96,,18.950000000000003
089000118373,10.99,8.96,,19.950000000000003
089000118373,10.99,8.96,,19.950000000000003
089000118373,10.99,8.96,,19.950000000000003
089000118373,10.99,8.96,,19.950000000000003
089000118373,10.99,8.96,,19.950000000000003
089000118373,10.99,8.96,,19.950000000000003
089000118373,10.99,8.96,,19.950000000000003
089000118373,10.99,8.96,,19.950000000000003
089000118373,9.99,8.96,,18.950000000000003
089000118373,9.99,8.96,,18.950000000000003
089000118373,10.99,8.96,,19.950000000000003
089000118373,10.99,8.96,,19.950000000000003
089000118373,10.99,8.96,,19.950000000000003
089000118397,1.49,1.24,,2.73
089000118397,1.49,1.24,,2.73
089000118397,1.49,1.24,,2.73
089000118397,1.49,1.24,,2.73
089000118397,1.49,1.24,,2.73
089000118397,1.49,1.24,,2.73
089000118397,1.49,1.24,,2.73
089000118397,1.49,1.24,,2.73
089000118397,1.49,1.24,,2.73
089000118397,1.49,1.24,,2.73
089000118397,1.49,1.24,,2.73
089000118397,1.49,1.24,,2.73
089000118397,1.49,1.24,,2.73
089000118397,1.49,1.24,,2.73
089000118397,1.49,1.24,,2.73
089000118397,1.49,1.24,,2.73
089000118359,16.99,14.96,,31.95
089000118359,17.49,14.96,,32.45
089000118359,16.99,14.96,,31.95
089000118359,16.99,14.96,,31.95
089000118359,16.99,14.96,,31.95
089000118359,16.99,14.96,,31.95
089000118359,16.99,14.96,,31.95
089000118359,16.99,14.96,,31.95
089000118359,16.99,14.96,,31.95
089000118359,16.99,14.96,,31.95
089000118359,16.99,14.96,,31.95
089000118359,16.99,14.96,,31.95
089000118359,16.99,14.96,,31.95
089000118359,16.99,14.96,,31.95
089000118359,16.99,14.96,,31.95
089000118359,16.99,14.96,,31.95
088004076672,1.49,1.26,,2.75
088004076672,1.49,1.26,,2.75
088004076672,1.49,1.26,,2.75
088004076672,1.49,1.26,,2.75
088004076672,1.49,1.26,,2.75
088004076672,1.49,1.26,,2.75
088004076672,1.49,1.26,,2.75
088004076672,1.49,1.26,,2.75
088004076672,1.49,1.26,,2.75
088004076672,1.49,1.26,,2.75
088004076672,1.49,1.26,,2.75
088004076672,1.49,1.26,,2.75
088004076672,1.49,1.26,,2.75
088004076672,1.49,1.26,,2.75
088004076672,1.49,1.26,,2.75
088004076672,1.49,1.26,,2.75
089000620104,2.29,1.96,,4.25
089000620104,2.29,1.96,,4.25
089000620104,2.29,1.96,,4.25
089000620104,2.99,1.96,,4.95
089000620104,2.29,1.96,,4.25
089000620104,2.29,1.96,,4.25
089000620104,2.29,1.96,,4.25
089000620104,2.99,1.96,,4.95
089000620104,2.29,1.96,,4.25
089000620104,2.99,1.96,,4.95
089000620104,2.99,1.96,,4.95
089000620104,2.29,1.96,,4.25
089000620104,2.99,1.96,,4.95
089000620104,2.99,1.96,,4.95
089000620104,2.29,1.96,,4.25
089000620104,2.99,1.96,,4.95
080660118086,6.49,5.96,,12.45
080660118086,6.49,5.96,,12.45
080660118086,5.99,4.46,,10.45
080660118086,5.99,4.46,,10.45
080660118086,5.99,4.46,,10.45
080660118086,5.99,4.46,,10.45
080660118086,5.99,4.46,,10.45
080660118086,6.49,5.96,,12.45
080660118086,5.99,4.46,,10.45
080660118086,5.99,4.46,,10.45
080660118086,5.99,4.46,,10.45
080660118086,5.99,4.46,,10.45
080660118086,6.49,5.96,,12.45
080660118086,5.99,4.46,,10.45
080660118086,5.99,4.46,,10.45
080660118086,5.99,4.46,,10.45
080660118079,10.99,8.96,,19.950000000000003
080660118079,9.99,8.96,,18.950000000000003
080660118079,10.99,8.96,,19.950000000000003
080660118079,10.99,8.96,,19.950000000000003
080660118079,10.99,8.96,,19.950000000000003
080660118079,9.99,8.96,,18.950000000000003
080660118079,10.99,8.96,,19.950000000000003
080660118079,10.99,8.96,,19.950000000000003
080660118079,10.99,8.96,,19.950000000000003
080660118079,10.99,8.96,,19.950000000000003
080660118079,10.99,8.96,,19.950000000000003
080660118079,10.99,8.96,,19.950000000000003
080660118079,10.99,8.96,,19.950000000000003
080660118079,10.99,8.96,,19.950000000000003
080660118079,10.99,8.96,,19.950000000000003
080660118079,10.99,8.96,,19.950000000000003
080660620992,1.49,1.24,,2.73
080660620992,1.49,1.24,,2.73
080660620992,1.49,1.24,,2.73
080660620992,1.49,1.24,,2.73
080660620992,1.49,1.24,,2.73
080660620992,1.49,1.24,,2.73
080660620992,1.49,1.24,,2.73
080660620992,1.49,1.24,,2.73
080660620992,1.49,1.24,,2.73
080660620992,1.49,1.24,,2.73
080660620992,1.49,1.24,,2.73
080660620992,1.49,1.24,,2.73
080660620992,1.49,1.24,,2.73
080660620992,1.49,1.24,,2.73
080660620992,1.49,1.24,,2.73
080660620992,1.49,1.24,,2.73
080660620053,16.99,14.96,,31.95
080660620053,17.49,14.96,,32.45
080660620053,17.49,14.96,,32.45
080660620053,16.99,14.96,,31.95
080660620053,16.99,14.96,,31.95
080660620053,17.49,14.96,,32.45
080660620053,16.99,14.96,,31.95
080660620053,16.99,14.96,,31.95
080660620053,16.99,14.96,,31.95
080660620053,17.49,14.96,,32.45
080660620053,17.49,14.96,,32.45
080660620053,17.49,14.96,,32.45
080660620053,16.99,14.96,,31.95
080660620053,16.99,14.96,,31.95
080660620053,17.49,14.96,,32.45
080660620053,16.99,14.96,,31.95
089000515950,16.99,14.96,,31.95
089000515950,16.99,14.96,,31.95
089000515950,16.99,14.96,,31.95
089000515950,16.99,14.96,,31.95
089000515950,16.99,14.96,,31.95
089000515950,16.99,14.96,,31.95
089000515950,16.99,14.96,,31.95
089000515950,16.99,14.96,,31.95
089000515950,16.99,14.96,,31.95
089000515950,16.99,14.96,,31.95
089000515950,16.99,14.96,,31.95
089000515950,16.99,14.96,,31.95
089000515950,16.99,14.96,,31.95
089000515950,16.99,14.96,,31.95
089000515950,16.99,14.96,,31.95
089000515950,16.99,14.96,,31.95
080660113609,16.99,14.96,,31.95
080660113609,17.49,14.96,,32.45
080660113609,16.99,14.96,,31.95
080660113609,16.99,14.96,,31.95
080660113609,16.99,14.96,,31.95
080660113609,16.99,14.96,,31.95
080660113609,16.99,14.96,,31.95
080660113609,16.99,14.96,,31.95
080660113609,16.99,14.96,,31.95
080660113609,17.49,14.96,,32.45
080660113609,16.99,14.96,,31.95
080660113609,16.99,14.96,,31.95
080660113609,16.99,14.96,,31.95
080660113609,16.99,14.96,,31.95
080660113609,16.99,14.96,,31.95
080660113609,16.99,14.96,,31.95
088004039660,1.49,1.24,,2.73
088004039660,1.49,1.24,,2.73
088004039660,1.49,1.24,,2.73
088004039660,1.49,1.24,,2.73
088004039660,1.49,1.24,,2.73
088004039660,1.49,1.24,,2.73
088004039660,1.49,1.24,,2.73
088004039660,1.49,1.24,,2.73
088004039660,1.49,1.24,,2.73
088004039660,1.49,1.24,,2.73
088004039660,1.49,1.24,,2.73
088004039660,1.49,1.24,,2.73
088004039660,1.49,1.24,,2.73
088004039660,1.49,1.24,,2.73
088004039660,1.49,1.24,,2.73
088004039660,1.49,1.24,,2.73
088004076665,1.49,1.26,,2.75
088004076665,1.49,1.26,,2.75
088004076665,1.49,1.26,,2.75
088004076665,1.49,1.26,,2.75
088004076665,1.49,1.26,,2.75
088004076665,1.49,1.26,,2.75
088004076665,1.49,1.26,,2.75
088004076665,1.49,1.26,,2.75
088004076665,1.49,1.26,,2.75
088004076665,1.49,1.26,,2.75
088004076665,1.49,1.26,,2.75
088004076665,1.49,1.26,,2.75
088004076665,1.49,1.26,,2.75
088004076665,1.49,1.26,,2.75
088004076665,1.49,1.26,,2.75
088004076665,1.49,1.26,,2.75
080660010120,2.99,1.96,,4.95
080660010120,2.99,1.96,,4.95
080660010120,2.99,1.96,,4.95
080660010120,2.99,1.96,,4.95
080660010120,2.99,1.96,,4.95
080660010120,2.99,1.96,,4.95
080660010120,2.99,1.96,,4.95
080660010120,2.99,1.96,,4.95
080660010120,2.99,1.96,,4.95
080660010120,2.99,1.96,,4.95
080660010120,2.99,1.96,,4.95
080660010120,2.99,1.96,,4.95
080660010120,2.99,1.96,,4.95
080660010120,2.99,1.96,,4.95
080660010120,2.99,1.96,,4.95
080660010120,2.99,1.96,,4.95
080660010113,1.49,1.24,,2.73
080660010113,1.49,1.24,,2.73
080660010113,1.49,1.24,,2.73
080660010113,1.49,1.24,,2.73
080660010113,1.49,1.24,,2.73
080660010113,1.49,1.24,,2.73
080660010113,1.49,1.24,,2.73
080660010113,1.49,1.24,,2.73
080660010113,1.49,1.24,,2.73
080660010113,1.49,1.24,,2.73
080660010113,1.49,1.24,,2.73
080660010113,1.49,1.24,,2.73
080660010113,1.49,1.24,,2.73
080660010113,1.49,1.24,,2.73
080660010113,1.49,1.24,,2.73
080660010113,1.49,1.24,,2.73
080660010083,16.99,14.96,,31.95
080660010083,17.49,14.96,,32.45
080660010083,16.99,14.96,,31.95
080660010083,16.99,14.96,,31.95
080660010083,16.99,14.96,,31.95
080660010083,16.99,14.96,,31.95
080660010083,16.99,14.96,,31.95
080660010083,16.99,14.96,,31.95
080660010083,16.99,14.96,,31.95
080660010083,16.99,14.96,,31.95
080660010083,16.99,14.96,,31.95
080660010083,16.99,14.96,,31.95
080660010083,16.99,14.96,,31.95
080660010083,16.99,14.96,,31.95
080660010083,16.99,14.96,,31.95
080660010083,16.99,14.96,,31.95
088004076689,1.49,1.26,,2.75
088004076689,1.49,1.26,,2.75
088004076689,1.49,1.26,,2.75
088004076689,1.49,1.26,,2.75
088004076689,1.49,1.26,,2.75
088004076689,1.49,1.26,,2.75
088004076689,1.49,1.26,,2.75
088004076689,1.49,1.26,,2.75
088004076689,1.49,1.26,,2.75
088004076689,1.49,1.26,,2.75
088004076689,1.49,1.26,,2.75
088004076689,1.49,1.26,,2.75
088004076689,1.49,1.26,,2.75
088004076689,1.49,1.26,,2.75
088004076689,1.49,1.26,,2.75
088004076689,1.49,1.26,,2.75
089000993154,1.49,1.24,,2.73
089000993154,1.49,1.24,,2.73
089000993154,1.49,1.24,,2.73
089000993154,1.49,1.24,,2.73
089000993154,1.49,1.24,,2.73
089000993154,1.49,1.24,,2.73
089000993154,1.49,1.24,,2.73
089000993154,1.49,1.24,,2.73
089000993154,1.49,1.24,,2.73
089000993154,1.49,1.24,,2.73
089000993154,1.49,1.24,,2.73
089000993154,1.49,1.24,,2.73
089000993154,1.49,1.24,,2.73
089000993154,1.49,1.24,,2.73
089000993154,1.49,1.24,,2.73
089000993154,1.49,1.24,,2.73
089000990757,10.99,8.96,,19.950000000000003
089000990757,10.99,8.96,,19.950000000000003
089000990757,10.99,8.96,,19.950000000000003
089000990757,9.99,8.96,,18.950000000000003
089000990757,9.99,8.96,,18.950000000000003
089000990757,10.99,8.96,,19.950000000000003
089000990757,10.99,8.96,,19.950000000000003
089000990757,10.99,8.96,,19.950000000000003
089000990757,10.99,8.96,,19.950000000000003
089000990757,10.99,8.96,,19.950000000000003
089000990757,10.99,8.96,,19.950000000000003
089000990757,10.99,8.96,,19.950000000000003
089000990757,10.99,8.96,,19.950000000000003
089000990757,10.99,8.96,,19.950000000000003
089000990757,10.99,8.96,,19.950000000000003
089000990757,10.99,8.96,,19.950000000000003
089000990764,1.49,1.24,,2.73
089000990764,1.49,1.24,,2.73
089000990764,1.49,1.24,,2.73
089000990764,1.49,1.24,,2.73
089000990764,1.49,1.24,,2.73
089000990764,1.49,1.24,,2.73
089000990764,1.49,1.24,,2.73
089000990764,1.49,1.24,,2.73
089000990764,1.49,1.24,,2.73
089000990764,1.49,1.24,,2.73
089000990764,1.49,1.24,,2.73
089000990764,1.49,1.24,,2.73
089000990764,1.49,1.24,,2.73
089000990764,1.49,1.24,,2.73
089000990764,1.49,1.24,,2.73
089000990764,1.49,1.24,,2.73
088004047993,1.4983,0.9933,,2.4916
088004047993,1.4983,0.9933,,2.4916
088004047993,1.4983,0.9933,,2.4916
088004047993,1.4983,0.9933,,2.4916
088004047993,1.4983,0.9933,,2.4916
088004047993,1.4983,0.9933,,2.4916
088004047993,1.4983,0.9933,,2.4916
088004047993,1.4983,0.9933,,2.4916
088004047993,1.4983,0.9933,,2.4916
088004047993,1.4983,0.9933,,2.4916
088004047993,1.4983,0.9933,,2.4916
088004047993,1.4983,0.9933,,2.4916
088004047993,1.4983,0.9933,,2.4916
088004047993,1.4983,0,,1.4983
088004047993,1.4983,0.9933,,2.4916
088004047993,1.4983,0.9933,,2.4916
088004039677,1.49,1.24,,2.73
088004039677,1.49,1.24,,2.73
088004039677,1.49,1.24,,2.73
088004039677,1.49,1.24,,2.73
088004039677,1.49,1.24,,2.73
088004039677,1.49,1.24,,2.73
088004039677,1.49,1.24,,2.73
088004039677,1.49,1.24,,2.73
088004039677,1.49,1.24,,2.73
088004039677,1.49,1.24,,2.73
088004039677,1.49,1.24,,2.73
088004039677,1.49,1.24,,2.73
088004039677,1.49,1.24,,2.73
088004039677,1.49,1.24,,2.73
088004039677,1.49,1.24,,2.73
088004039677,1.49,1.24,,2.73
088004030261,1.49,1.24,,2.73
088004030261,1.49,1.24,,2.73
088004030261,1.49,1.24,,2.73
088004030261,1.49,1.24,,2.73
088004030261,1.49,1.24,,2.73
088004030261,1.49,1.24,,2.73
088004030261,1.49,1.24,,2.73
088004030261,1.49,1.24,,2.73
088004030261,1.49,1.24,,2.73
088004030261,1.49,1.24,,2.73
088004030261,1.49,1.24,,2.73
088004030261,1.49,1.24,,2.73
088004030261,1.49,1.24,,2.73
088004030261,1.49,1.24,,2.73
088004030261,1.49,1.24,,2.73
088004030261,1.49,1.24,,2.73
088004076702,1.49,1.26,,2.75
088004076702,1.49,1.26,,2.75
088004076702,1.49,1.26,,2.75
088004076702,1.49,1.26,,2.75
088004076702,1.49,1.26,,2.75
088004076702,1.49,1.26,,2.75
088004076702,1.49,1.26,,2.75
088004076702,1.49,1.26,,2.75
088004076702,1.49,1.26,,2.75
088004076702,1.49,1.26,,2.75
088004076702,1.49,1.26,,2.75
088004076702,1.49,1.26,,2.75
088004076702,1.49,1.26,,2.75
088004076702,1.49,1.26,,2.75
088004076702,1.49,1.26,,2.75
088004076702,1.49,1.26,,2.75
089000991600,2.99,1.96,,4.95
089000991600,2.99,1.96,,4.95
089000991600,2.99,1.96,,4.95
089000991600,2.99,1.96,,4.95
089000991600,2.29,1.96,,4.25
089000991600,2.99,1.96,,4.95
089000991600,2.99,1.96,,4.95
089000991600,2.99,1.96,,4.95
089000991600,2.99,1.96,,4.95
089000991600,2.99,1.96,,4.95
089000991600,2.99,1.96,,4.95
089000991600,2.99,1.96,,4.95
089000991600,2.29,1.96,,4.25
089000991600,2.99,1.96,,4.95
089000991600,2.99,1.96,,4.95
089000991600,2.29,1.96,,4.25
089000990610,1.49,1.24,,2.73
089000990610,1.49,1.24,,2.73
089000990610,1.49,1.24,,2.73
089000990610,1.49,1.24,,2.73
089000990610,1.49,1.24,,2.73
089000990610,1.49,1.24,,2.73
089000990610,1.49,1.24,,2.73
089000990610,1.49,1.24,,2.73
089000990610,1.49,1.24,,2.73
089000990610,1.49,1.24,,2.73
089000990610,1.49,1.24,,2.73
089000990610,1.49,1.24,,2.73
089000990610,1.49,1.24,,2.73
089000990610,1.49,1.24,,2.73
089000990610,1.49,1.24,,2.73
089000990610,1.49,1.24,,2.73
089000990641,16.99,14.96,,31.95
089000990641,17.49,14.96,,32.45
089000990641,16.99,14.96,,31.95
089000990641,16.99,14.96,,31.95
089000990641,16.99,14.96,,31.95
089000990641,16.99,14.96,,31.95
089000990641,16.99,14.96,,31.95
089000990641,16.99,14.96,,31.95
089000990641,16.99,14.96,,31.95
089000990641,16.99,14.96,,31.95
089000990641,16.99,14.96,,31.95
089000990641,16.99,14.96,,31.95
089000990641,16.99,14.96,,31.95
089000990641,16.99,14.96,,31.95
089000990641,16.99,14.96,,31.95
089000990641,16.99,14.96,,31.95
088004038557,1.49,1.24,,2.73
088004038557,1.49,1.24,,2.73
088004038557,1.49,1.24,,2.73
088004038557,1.49,1.24,,2.73
088004038557,1.49,1.24,,2.73
088004038557,1.49,1.24,,2.73
088004038557,1.49,1.24,,2.73
088004038557,1.49,1.24,,2.73
088004038557,1.49,1.24,,2.73
088004038557,1.49,1.24,,2.73
088004038557,1.49,1.24,,2.73
088004038557,1.49,1.24,,2.73
088004038557,1.49,1.24,,2.73
088004038557,1.49,1.24,,2.73
088004038557,1.49,1.24,,2.73
088004038557,1.49,1.24,,2.73
088004024086,1.49,1.24,,2.73
088004024086,1.49,1.24,,2.73
088004024086,1.49,1.24,,2.73
088004024086,1.49,1.24,,2.73
088004024086,1.49,1.24,,2.73
088004024086,1.49,1.24,,2.73
088004024086,1.49,1.24,,2.73
088004024086,1.49,1.24,,2.73
088004024086,1.49,1.24,,2.73
088004024086,1.49,1.24,,2.73
088004024086,1.49,1.24,,2.73
088004024086,1.49,1.24,,2.73
088004024086,1.49,1.24,,2.73
088004024086,1.49,1.24,,2.73
088004024086,1.49,1.24,,2.73
088004024086,1.49,1.24,,2.73
080660010663,16.99,14.96,,31.95
080660010663,17.49,14.96,,32.45
080660010663,16.99,14.96,,31.95
080660010663,16.99,14.96,,31.95
080660010663,16.99,14.96,,31.95
080660010663,16.99,14.96,,31.95
080660010663,16.99,14.96,,31.95
080660010663,16.99,14.96,,31.95
080660010663,16.99,14.96,,31.95
080660010663,16.99,14.96,,31.95
080660010663,16.99,14.96,,31.95
080660010663,16.99,14.96,,31.95
080660010663,16.99,14.96,,31.95
080660010663,16.99,14.96,,31.95
080660010663,16.99,14.96,,31.95
080660010663,16.99,14.96,,31.95
080660010694,2.29,1.96,,4.25
080660010694,2.99,1.96,,4.95
080660010694,2.99,1.96,,4.95
080660010694,2.99,1.96,,4.95
080660010694,2.29,1.96,,4.25
080660010694,2.99,1.96,,4.95
080660010694,2.99,1.96,,4.95
080660010694,2.99,1.96,,4.95
080660010694,2.99,1.96,,4.95
080660010694,2.99,1.96,,4.95
080660010694,2.99,1.96,,4.95
080660010694,2.99,1.96,,4.95
080660010694,2.99,1.96,,4.95
080660010694,2.99,1.96,,4.95
080660010694,2.99,1.96,,4.95
080660010694,2.99,1.96,,4.95
080660010687,5.99,0,,5.99
080660010687,5.99,0,,5.99
080660010687,5.99,0,,5.99
080660010687,5.99,0,,5.99
080660010687,5.99,0,,5.99
080660010687,5.99,0,,5.99
080660010687,5.99,0,,5.99
080660010687,5.99,0,,5.99
080660010687,5.99,0,,5.99
080660010687,5.99,0,,5.99
080660010687,5.99,0,,5.99
080660010687,5.99,0,,5.99
080660010687,5.99,0,,5.99
080660010687,5.99,0,,5.99
080660010687,5.99,0,,5.99
080660010687,5.99,0,,5.99
080660010670,9.99,8.96,,18.950000000000003
080660010670,9.99,8.96,,18.950000000000003
080660010670,10.99,8.96,,19.950000000000003
080660010670,10.99,8.96,,19.950000000000003
080660010670,10.99,8.96,,19.950000000000003
080660010670,10.99,8.96,,19.950000000000003
080660010670,10.99,8.96,,19.950000000000003
080660010670,9.99,8.96,,18.950000000000003
080660010670,10.99,8.96,,19.950000000000003
080660010670,9.99,8.96,,18.950000000000003
080660010670,10.99,8.96,,19.950000000000003
080660010670,10.99,8.96,,19.950000000000003
080660010670,10.99,8.96,,19.950000000000003
080660010670,10.99,8.96,,19.950000000000003
080660010670,9.99,8.96,,18.950000000000003
080660010670,10.99,8.96,,19.950000000000003
080660010700,1.49,1.24,,2.73
080660010700,1.49,1.24,,2.73
080660010700,1.49,1.24,,2.73
080660010700,1.49,1.24,,2.73
080660010700,1.49,1.24,,2.73
080660010700,1.49,1.24,,2.73
080660010700,1.49,1.24,,2.73
080660010700,1.49,1.24,,2.73
080660010700,1.49,1.24,,2.73
080660010700,1.49,1.24,,2.73
080660010700,1.49,1.24,,2.73
080660010700,1.49,1.24,,2.73
080660010700,1.49,1.24,,2.73
080660010700,1.49,1.24,,2.73
080660010700,1.49,1.24,,2.73
080660010700,1.49,1.24,,2.73
088004076696,1.49,1.26,,2.75
088004076696,1.49,1.26,,2.75
088004076696,1.49,1.26,,2.75
088004076696,1.49,1.26,,2.75
088004076696,1.49,1.26,,2.75
088004076696,1.49,1.26,,2.75
088004076696,1.49,1.26,,2.75
088004076696,1.49,1.26,,2.75
088004076696,1.49,1.26,,2.75
088004076696,1.49,1.26,,2.75
088004076696,1.49,1.26,,2.75
088004076696,1.49,1.26,,2.75
088004076696,1.49,1.26,,2.75
088004076696,1.49,1.26,,2.75
088004076696,1.49,1.26,,2.75
088004076696,1.49,1.26,,2.75
088004023850,1.49,1.24,,2.73
088004023850,1.49,1.24,,2.73
088004023850,1.49,1.24,,2.73
088004023850,1.49,1.24,,2.73
088004023850,1.49,1.24,,2.73
088004023850,1.49,1.24,,2.73
088004023850,1.49,1.24,,2.73
088004023850,1.49,1.24,,2.73
088004023850,1.49,1.24,,2.73
088004023850,1.49,1.24,,2.73
088004023850,1.49,1.24,,2.73
088004023850,1.49,1.24,,2.73
088004023850,1.49,1.24,,2.73
088004023850,1.49,1.24,,2.73
088004023850,1.49,1.24,,2.73
088004023850,1.49,1.24,,2.73
088004023812,17.49,14.96,,32.45
088004023812,17.49,14.96,,32.45
088004023812,16.99,14.96,,31.95
088004023812,16.99,14.96,,31.95
088004023812,16.99,14.96,,31.95
088004023812,17.49,14.96,,32.45
088004023812,16.99,14.96,,31.95
088004023812,16.99,14.96,,31.95
088004023812,16.99,14.96,,31.95
088004023812,16.99,14.96,,31.95
088004023812,16.99,14.96,,31.95
088004023812,16.99,14.96,,31.95
088004023812,16.99,14.96,,31.95
088004023812,16.99,14.96,,31.95
088004023812,16.99,14.96,,31.95
088004023812,16.99,14.96,,31.95
088004034221,19.99,0,,19.99
088004034221,19.99,0,,19.99
088004034221,19.99,0,,19.99
088004034221,19.99,0,,19.99
088004034221,19.99,0,,19.99
088004034221,19.99,0,,19.99
088004034221,19.99,0,,19.99
088004034221,19.99,0,,19.99
088004034221,19.99,0,,19.99
088004034221,19.99,0,,19.99
088004034221,19.99,0,,19.99
088004034221,19.99,0,,19.99
088004034221,19.99,0,,19.99
088004034221,19.99,0,,19.99
088004034221,19.99,0,,19.99
088004034221,19.99,0,,19.99
088004035884,1.4983,0.9933,,2.4916
088004035884,1.4983,0.9933,,2.4916
088004035884,1.4983,0.9933,,2.4916
088004035884,1.4983,0.9933,,2.4916
088004035884,1.4983,0.9933,,2.4916
088004035884,1.4983,0.9933,,2.4916
088004035884,1.4983,0.9933,,2.4916
088004035884,1.4983,0.9933,,2.4916
088004035884,1.4983,0.9933,,2.4916
088004035884,1.4983,0.9933,,2.4916
088004035884,1.4983,0.9933,,2.4916
088004035884,1.4983,0.9933,,2.4916
088004035884,1.4983,0.9933,,2.4916
088004035884,1.4983,0.9933,,2.4916
088004035884,1.4983,0.9933,,2.4916
088004035884,1.4983,0.9933,,2.4916
088004039653,1.49,1.24,,2.73
088004039653,1.49,1.24,,2.73
088004039653,1.49,1.24,,2.73
088004039653,1.49,1.24,,2.73
088004039653,1.49,1.24,,2.73
088004039653,1.49,1.24,,2.73
088004039653,1.49,1.24,,2.73
088004039653,1.49,1.24,,2.73
088004039653,1.49,1.24,,2.73
088004039653,1.49,1.24,,2.73
088004039653,1.49,1.24,,2.73
088004039653,1.49,1.24,,2.73
088004039653,1.49,1.24,,2.73
088004039653,1.49,1.24,,2.73
088004039653,1.49,1.24,,2.73
088004039653,1.49,1.24,,2.73
089000991044,1.49,1.24,,2.73
089000991044,1.49,1.24,,2.73
089000991044,1.49,1.24,,2.73
089000991044,1.49,1.24,,2.73
089000991044,1.49,1.24,,2.73
089000991044,1.49,1.24,,2.73
089000991044,1.49,1.24,,2.73
089000991044,1.49,1.24,,2.73
089000991044,1.49,1.24,,2.73
089000991044,1.49,1.24,,2.73
089000991044,1.49,1.24,,2.73
089000991044,1.49,1.24,,2.73
089000991044,1.49,1.24,,2.73
089000991044,1.49,1.24,,2.73
089000991044,1.49,1.24,,2.73
089000991044,1.49,1.24,,2.73
089000991013,16.99,14.96,,31.95
089000991013,17.49,14.96,,32.45
089000991013,17.49,14.96,,32.45
089000991013,16.99,14.96,,31.95
089000991013,16.99,14.96,,31.95
089000991013,17.49,14.96,,32.45
089000991013,16.99,14.96,,31.95
089000991013,16.99,14.96,,31.95
089000991013,16.99,14.96,,31.95
089000991013,16.99,14.96,,31.95
089000991013,17.49,14.96,,32.45
089000991013,17.49,14.96,,32.45
089000991013,16.99,14.96,,31.95
089000991013,16.99,14.96,,31.95
089000991013,16.99,14.96,,31.95
089000991013,16.99,14.96,,31.95
089000992010,1.49,1.24,,2.73
089000992010,1.49,1.24,,2.73
089000992010,1.49,1.24,,2.73
089000992010,1.49,1.24,,2.73
089000992010,1.49,1.24,,2.73
089000992010,1.49,1.24,,2.73
089000992010,1.49,1.24,,2.73
089000992010,1.49,1.24,,2.73
089000992010,1.49,1.24,,2.73
089000992010,1.49,1.24,,2.73
089000992010,1.49,1.24,,2.73
089000992010,1.49,1.24,,2.73
089000992010,1.49,1.24,,2.73
089000992010,1.49,1.24,,2.73
089000992010,1.49,1.24,,2.73
089000992010,1.49,1.24,,2.73
817469020049,24.99,0,,24.99
817469020049,24.99,0,,24.99
817469020049,24.99,0,,24.99
817469020049,24.99,0,,24.99
817469020049,24.99,0,,24.99
817469020049,24.99,0,,24.99
817469020049,24.99,0,,24.99
817469020049,24.99,0,,24.99
817469020049,24.99,0,,24.99
817469020049,24.99,0,,24.99
817469020049,24.99,0,,24.99
817469020049,24.99,0,,24.99
817469020049,24.99,0,,24.99
817469020049,24.99,0,,24.99
817469020049,24.99,0,,24.99
817469020049,24.99,0,,24.99
080480220006,52.99,43.96,0,96.95
080480220006,52.99,43.96,0,96.95
080480220006,52.99,43.96,0,96.95
080480220006,52.99,43.96,0,96.95
080480220006,52.99,43.96,0,96.95
080480220006,52.99,43.96,0,96.95
080480220006,52.99,43.96,0,96.95
080480220006,52.99,43.96,0,96.95
080480220006,52.99,43.96,0,96.95
080480220006,52.99,43.96,0,96.95
080480220006,52.99,43.96,0,96.95
080480220006,52.99,43.96,0,96.95
080480220006,52.99,43.96,0,96.95
080480220006,52.99,43.96,0,96.95
080480220006,52.99,43.96,0,96.95
080480220006,52.99,43.96,0,96.95
080480006167,119.99,0,,119.99
080480006167,119.99,0,,119.99
080480006167,119.99,99.95,,219.94
080480006167,119.99,0,,119.99
080480006167,119.99,0,,119.99
080480006167,119.99,0,,119.99
080480006167,119.99,0,,119.99
080480006167,119.99,0,,119.99
080480006167,119.99,0,,119.99
080480006167,119.99,0,,119.99
080480006167,119.99,0,,119.99
080480006167,119.99,99.95,,219.94
080480006167,119.99,0,,119.99
080480006167,119.99,0,,119.99
080480006167,119.99,0,,119.99
080480006167,119.99,0,,119.99
080432516171,119.99,104.96,,224.95
080432516171,119.99,104.96,,224.95
080432516171,119.99,104.96,,224.95
080432516171,119.99,104.96,,224.95
080432516171,119.99,104.96,,224.95
080432516171,119.99,104.96,,224.95
080432516171,119.99,104.96,,224.95
080432516171,119.99,104.96,,224.95
080432516171,119.99,104.96,,224.95
080432516171,119.99,104.96,,224.95
080432516171,119.99,104.96,,224.95
080432516171,119.99,104.96,,224.95
080432516171,119.99,104.96,,224.95
080432516171,119.99,104.96,,224.95
080432516171,119.99,104.96,,224.95
080432516171,119.99,104.96,,224.95
080432114612,94.99,0,,94.99
080432114612,94.99,0,,94.99
080432114612,94.99,0,,94.99
080432114612,94.99,0,,94.99
080432114612,94.99,0,,94.99
080432114612,94.99,0,,94.99
080432114612,94.99,0,,94.99
080432114612,94.99,0,,94.99
080432114612,94.99,0,,94.99
080432114612,94.99,0,,94.99
080432114612,94.99,0,,94.99
080432114612,94.99,0,,94.99
080432114612,94.99,0,,94.99
080432114612,94.99,0,,94.99
080432114612,94.99,0,,94.99
080432114612,94.99,0,,94.99
080432102145,59.99,49.95,,109.94
080432102145,65.99,54.96,,120.94999999999999
080432102145,65.99,54.96,,120.94999999999999
080432102145,59.99,49.95,,109.94
080432102145,59.99,54.96,,114.95
080432102145,65.99,54.96,,120.94999999999999
080432102145,65.99,54.96,,120.94999999999999
080432102145,59.99,54.96,,114.95
080432102145,59.99,49.95,,109.94
080432102145,59.99,54.96,,114.95
080432102145,65.99,54.96,,120.94999999999999
080432102145,65.99,54.96,,120.94999999999999
080432102145,65.99,54.96,,120.94999999999999
080432102145,65.99,54.96,,120.94999999999999
080432102145,59.99,54.96,,114.95
080432102145,65.99,54.96,,120.94999999999999
080432102169,136.99,117.96,,254.95
080432102169,136.99,117.96,,254.95
080432102169,136.99,117.96,,254.95
080432102169,136.99,117.96,,254.95
080432102169,136.99,117.96,,254.95
080432102169,136.99,117.96,,254.95
080432102169,136.99,117.96,,254.95
080432102169,136.99,117.96,,254.95
080432102169,136.99,117.96,,254.95
080432102169,136.99,117.96,,254.95
080432102169,136.99,117.96,,254.95
080432102169,136.99,117.96,,254.95
080432102169,136.99,117.96,,254.95
080432102169,136.99,117.96,,254.95
080432102169,136.99,117.96,,254.95
080432102169,136.99,117.96,,254.95
689768241001,24.99,0,,24.99
689768241001,24.99,0,,24.99
689768241001,24.99,0,,24.99
689768241001,24.99,0,,24.99
689768241001,24.99,0,,24.99
689768241001,24.99,0,,24.99
689768241001,24.99,0,,24.99
689768241001,24.99,0,,24.99
689768241001,24.99,0,,24.99
689768241001,24.99,0,,24.99
689768241001,24.99,0,,24.99
689768241001,24.99,0,,24.99
689768241001,24.99,0,,24.99
689768241001,24.99,0,,24.99
689768241001,24.99,0,,24.99
689768241001,24.99,0,,24.99
089540535494,11.49,9.96,,21.450000000000003
089540535494,12.99,9.96,,22.950000000000003
089540535494,12.99,9.96,,22.950000000000003
089540535494,12.99,9.96,,22.950000000000003
089540535494,12.99,9.96,,22.950000000000003
089540535494,12.99,9.96,,22.950000000000003
089540535494,12.99,9.96,,22.950000000000003
089540535494,11.49,9.96,,21.450000000000003
089540535494,12.99,9.96,,22.950000000000003
089540535494,12.99,9.96,,22.950000000000003
089540535494,12.99,9.96,,22.950000000000003
089540535494,12.99,9.96,,22.950000000000003
089540535494,12.99,9.96,,22.950000000000003
089540535494,12.99,9.96,,22.950000000000003
089540535494,12.99,9.96,,22.950000000000003
089540535494,12.99,9.96,,22.950000000000003
835229001145,29.99,24.96,,54.95
835229001145,29.99,24.96,,54.95
835229001145,26.99,24.96,,51.95
835229001145,26.99,24.96,,51.95
835229001145,26.99,24.96,,51.95
835229001145,26.99,24.96,,51.95
835229001145,26.99,24.96,,51.95
835229001145,26.99,24.96,,51.95
835229001145,26.99,24.96,,51.95
835229001145,26.99,24.96,,51.95
835229001145,29.99,24.96,,54.95
835229001145,26.99,24.96,,51.95
835229001145,26.99,24.96,,51.95
835229001145,26.99,24.96,,51.95
835229001145,26.99,24.96,,51.95
835229001145,26.99,24.96,,51.95
835229001602,34.99,29.96,0,64.95
835229001602,34.99,29.96,0,64.95
835229001602,33.99,27.96,0,61.95
835229001602,34.99,29.96,0,64.95
835229001602,34.99,29.96,0,64.95
835229001602,34.99,29.96,0,64.95
835229001602,34.99,29.96,0,64.95
835229001602,34.99,29.96,0,64.95
835229001602,34.99,29.96,0,64.95
835229001602,34.99,29.96,0,64.95
835229001602,34.99,29.96,0,64.95
835229001602,34.99,29.96,0,64.95
835229001602,34.99,29.96,0,64.95
835229001602,34.99,29.96,0,64.95
835229001602,34.99,29.96,0,64.95
835229001602,34.99,29.96,0,64.95
835229001107,9.99,0,,9.99
835229001107,9.99,0,,9.99
835229001107,9.99,0,,9.99
835229001107,9.99,0,,9.99
835229001107,9.99,0,,9.99
835229001107,9.99,0,,9.99
835229001107,9.99,0,,9.99
835229001107,9.99,0,,9.99
835229001107,9.99,0,,9.99
835229001107,9.99,0,,9.99
835229001107,9.99,0,,9.99
835229001107,9.99,0,,9.99
835229001107,9.99,0,,9.99
835229001107,9.99,0,,9.99
835229001107,9.99,0,,9.99
835229001107,9.99,0,,9.99
835229001404,24.99,21.96,0,46.95
835229001404,24.99,21.96,0,46.95
835229001404,23.99,19.96,0,43.95
835229001404,24.99,21.96,0,46.95
835229001404,24.99,21.96,0,46.95
835229001404,24.99,21.96,0,46.95
835229001404,24.99,21.96,0,46.95
835229001404,24.99,21.96,0,46.95
835229001404,24.99,21.96,0,46.95
835229001404,24.99,21.96,0,46.95
835229001404,24.99,21.96,0,46.95
835229001404,24.99,21.96,0,46.95
835229001404,24.99,21.96,0,46.95
835229001404,24.99,21.96,0,46.95
835229001404,24.99,21.96,0,46.95
835229001404,24.99,21.96,0,46.95
835229000711,38.99,32.96,,71.95
835229000711,39.99,32.96,,72.95
835229000711,39.99,32.96,,72.95
835229000711,39.99,32.96,,72.95
835229000711,39.99,32.96,,72.95
835229000711,39.99,32.96,,72.95
835229000711,39.99,32.96,,72.95
835229000711,39.99,32.96,,72.95
835229000711,39.99,32.96,,72.95
835229000711,38.99,32.96,,71.95
835229000711,38.99,32.96,,71.95
835229000711,39.99,32.96,,72.95
835229000711,39.99,32.96,,72.95
835229000711,39.99,32.96,,72.95
835229000711,39.99,32.96,,72.95
835229000711,38.99,32.96,,71.95
835229000841,1,0,,1
835229000841,1,0,,1
835229000841,1,0,,1
835229000841,1,0,,1
835229000841,1,0,,1
835229000841,1,0,,1
835229000841,1,0,,1
835229000841,1,0,,1
835229000841,1,0,,1
835229000841,1,0,,1
835229000841,1,0,,1
835229000841,1,0,,1
835229000841,1,0,,1
835229000841,1,0,,1
835229000841,1,0,,1
835229000841,1,0,,1
835229010765,1.49,1.24,,2.73
835229010765,1.49,1.24,,2.73
835229010765,1.49,1.24,,2.73
835229010765,1.49,1.24,,2.73
835229010765,1.49,1.24,,2.73
835229010765,1.49,1.24,,2.73
835229010765,1.49,1.24,,2.73
835229010765,1.49,1.24,,2.73
835229010765,1.49,1.24,,2.73
835229010765,1.49,1.24,,2.73
835229010765,1.49,0,,1.49
835229010765,1.49,1.24,,2.73
835229010765,1.49,1.24,,2.73
835229010765,1.49,1.24,,2.73
835229010765,1.49,1.24,,2.73
835229010765,1.49,1.24,,2.73
835229010802,24.99,21.96,0,46.95
835229010802,24.99,21.96,0,46.95
835229010802,24.99,21.96,0,46.95
835229010802,24.99,21.96,0,46.95
835229010802,24.99,21.96,0,46.95
835229010802,24.99,21.96,0,46.95
835229010802,24.99,21.96,0,46.95
835229010802,24.99,21.96,0,46.95
835229010802,24.99,21.96,0,46.95
835229010802,24.99,21.96,0,46.95
835229010802,24.99,21.96,0,46.95
835229010802,24.99,21.96,0,46.95
835229010802,24.99,21.96,0,46.95
835229010802,24.99,21.96,0,46.95
835229010802,24.99,21.96,0,46.95
835229010802,24.99,21.96,0,46.95
835229010840,25.99,24.96,,50.95
835229010840,25.99,24.96,,50.95
835229010840,25.99,24.96,,50.95
835229010840,25.99,24.96,,50.95
835229010840,25.99,24.96,,50.95
835229010840,25.99,24.96,,50.95
835229010840,25.99,24.96,,50.95
835229010840,29.99,24.96,,54.95
835229010840,25.99,24.96,,50.95
835229010840,23.99,21.96,0,45.95
835229010840,25.99,24.96,,50.95
835229010840,25.99,24.96,,50.95
835229010840,25.99,24.96,,50.95
835229010840,25.99,24.96,,50.95
835229010840,25.99,24.96,,50.95
835229010840,25.99,24.96,,50.95
835229010819,24.99,21.96,0,46.95
835229010819,24.99,21.96,0,46.95
835229010819,24.99,21.96,0,46.95
835229010819,24.99,21.96,0,46.95
835229010819,24.99,21.96,0,46.95
835229010819,24.99,21.96,0,46.95
835229010819,24.99,21.96,0,46.95
835229010819,24.99,21.96,0,46.95
835229010819,24.99,21.96,0,46.95
835229010819,24.99,21.96,0,46.95
835229010819,24.99,21.96,0,46.95
835229010819,24.99,21.96,0,46.95
835229010819,24.99,21.96,0,46.95
835229010819,24.99,21.96,0,46.95
835229010819,24.99,21.96,0,46.95
835229010819,24.99,21.96,0,46.95
835229010291,39.99,32.96,,72.95
835229010291,39.99,32.96,,72.95
835229010291,39.99,32.96,,72.95
835229010291,29.99,24.95,,54.94
835229010291,39.99,32.96,,72.95
835229010291,39.99,32.96,,72.95
835229010291,39.99,32.96,,72.95
835229010291,39.99,32.96,,72.95
835229010291,39.99,32.96,,72.95
835229010291,39.99,32.96,,72.95
835229010291,39.99,32.96,,72.95
835229010291,39.99,32.96,,72.95
835229010291,39.99,32.96,,72.95
835229010291,39.99,32.96,,72.95
835229010291,39.99,32.96,,72.95
835229010291,39.99,32.96,,72.95
835229010284,24.99,21.96,0,46.95
835229010284,24.99,21.96,0,46.95
835229010284,24.99,21.96,0,46.95
835229010284,24.99,21.96,0,46.95
835229010284,24.99,21.96,0,46.95
835229010284,24.99,21.96,0,46.95
835229010284,24.99,21.96,0,46.95
835229010284,24.99,21.96,0,46.95
835229010284,24.99,21.96,0,46.95
835229010284,24.99,21.96,0,46.95
835229010284,24.99,21.96,0,46.95
835229010284,24.99,21.96,0,46.95
835229010284,24.99,21.96,0,46.95
835229010284,24.99,21.96,0,46.95
835229010284,24.99,21.96,0,46.95
835229010284,24.99,21.96,0,46.95
835229002609,37.99,32.96,,70.95
835229002609,37.99,32.96,,70.95
835229002609,37.99,32.96,,70.95
835229002609,37.99,32.96,,70.95
835229002609,37.99,32.96,,70.95
835229002609,37.99,32.96,,70.95
835229002609,37.99,32.96,,70.95
835229002609,37.99,32.96,,70.95
835229002609,37.99,32.96,,70.95
835229002609,37.99,32.96,,70.95
835229002609,37.99,32.96,,70.95
835229002609,37.99,32.96,,70.95
835229002609,37.99,32.96,,70.95
835229002609,37.99,32.96,,70.95
835229002609,37.99,32.96,,70.95
835229002609,37.99,32.96,,70.95
835229002203,14.99,0,,14.99
835229002203,14.99,0,,14.99
835229002203,14.99,0,,14.99
835229002203,14.99,0,,14.99
835229002203,14.99,0,,14.99
835229002203,14.99,0,,14.99
835229002203,14.99,0,,14.99
835229002203,14.99,0,,14.99
835229002203,14.99,0,,14.99
835229002203,14.99,0,,14.99
835229002203,14.99,0,,14.99
835229002203,14.99,0,,14.99
835229002203,14.99,0,,14.99
835229002203,14.99,0,,14.99
835229002203,14.99,0,,14.99
835229002203,14.99,0,,14.99
835229002401,24.99,21.96,0,46.95
835229002401,24.99,21.96,0,46.95
835229002401,24.99,21.96,0,46.95
835229002401,24.99,21.96,0,46.95
835229002401,24.99,21.96,0,46.95
835229002401,24.99,21.96,0,46.95
835229002401,24.99,21.96,0,46.95
835229002401,24.99,21.96,0,46.95
835229002401,24.99,21.96,0,46.95
835229002401,24.99,21.96,0,46.95
835229002401,24.99,21.96,0,46.95
835229002401,24.99,21.96,0,46.95
835229002401,24.99,21.96,0,46.95
835229002401,24.99,21.96,0,46.95
835229002401,24.99,21.96,0,46.95
835229002401,24.99,21.96,0,46.95
089540535289,12.49,10.96,,23.450000000000003
089540535289,12.49,10.96,,23.450000000000003
089540535289,12.49,10.96,,23.450000000000003
089540535289,12.49,10.96,,23.450000000000003
089540535289,12.49,10.96,,23.450000000000003
089540535289,12.99,10.96,,23.950000000000003
089540535289,12.99,10.96,,23.950000000000003
089540535289,12.49,10.96,,23.450000000000003
089540535289,12.99,10.96,,23.950000000000003
089540535289,12.99,10.96,,23.950000000000003
089540535289,12.99,10.96,,23.950000000000003
089540535289,12.49,10.96,,23.450000000000003
089540535289,12.49,10.96,,23.450000000000003
089540535289,12.99,10.96,,23.950000000000003
089540535289,12.49,10.96,,23.450000000000003
089540535289,12.99,10.96,,23.950000000000003
835229001435,24.99,21.96,0,46.95
835229001435,24.99,21.96,0,46.95
835229001435,24.99,21.96,0,46.95
835229001435,24.99,21.96,0,46.95
835229001435,24.99,21.96,0,46.95
835229001435,24.99,21.96,0,46.95
835229001435,24.99,21.96,0,46.95
835229001435,24.99,21.96,0,46.95
835229001435,24.99,21.96,0,46.95
835229001435,24.99,21.96,0,46.95
835229001435,24.99,21.96,0,46.95
835229001435,24.99,21.96,0,46.95
835229001435,24.99,21.96,0,46.95
835229001435,24.99,21.96,0,46.95
835229001435,24.99,21.96,0,46.95
835229001435,24.99,21.96,0,46.95
835229002821,23.99,0,,23.99
835229002821,23.99,0,,23.99
835229002821,23.99,0,,23.99
835229002821,23.99,0,,23.99
835229002821,23.99,0,,23.99
835229002821,23.99,0,,23.99
835229002821,23.99,0,,23.99
835229002821,23.99,0,,23.99
835229002821,23.99,0,,23.99
835229002821,23.99,0,,23.99
835229002821,23.99,0,,23.99
835229002821,23.99,0,,23.99
835229002821,23.99,0,,23.99
835229002821,23.99,0,,23.99
835229002821,23.99,0,,23.99
835229002821,23.99,0,,23.99
080432001257,23.99,19.96,,43.95
080432001257,23.99,19.96,,43.95
080432001257,23.99,19.96,,43.95
080432001257,23.99,19.96,,43.95
080432001257,23.99,19.96,,43.95
080432001257,23.99,19.96,,43.95
080432001257,23.99,19.96,,43.95
080432001257,23.99,19.96,,43.95
080432001257,23.99,19.96,,43.95
080432001257,23.99,19.96,,43.95
080432001257,23.99,19.96,,43.95
080432001257,23.99,19.96,,43.95
080432001257,23.99,19.96,,43.95
080432001257,23.99,19.96,,43.95
080432001257,23.99,19.96,,43.95
080432001257,23.99,19.96,,43.95
835229000810,24.99,21.96,0,46.95
835229000810,24.99,21.96,0,46.95
835229000810,24.99,21.96,0,46.95
835229000810,24.99,21.96,0,46.95
835229000810,24.99,21.96,0,46.95
835229000810,24.99,21.96,0,46.95
835229000810,24.99,21.96,0,46.95
835229000810,24.99,21.96,0,46.95
835229000810,24.99,21.96,0,46.95
835229000810,24.99,21.96,0,46.95
835229000810,24.99,21.96,0,46.95
835229000810,24.99,21.96,0,46.95
835229000810,24.99,21.96,0,46.95
835229000810,24.99,21.96,0,46.95
835229000810,24.99,21.96,0,46.95
835229000810,24.99,21.96,0,46.95
835229001343,24.99,21.96,0,46.95
835229001343,24.99,21.96,0,46.95
835229001343,24.99,21.96,0,46.95
835229001343,24.99,21.96,0,46.95
835229001343,24.99,21.96,0,46.95
835229001343,24.99,21.96,0,46.95
835229001343,24.99,21.96,0,46.95
835229001343,24.99,21.96,0,46.95
835229001343,24.99,21.96,0,46.95
835229001343,24.99,21.96,0,46.95
835229001343,24.99,21.96,0,46.95
835229001343,24.99,21.96,0,46.95
835229001343,24.99,21.96,0,46.95
835229001343,24.99,21.96,0,46.95
835229001343,24.99,21.96,0,46.95
835229001343,24.99,21.96,0,46.95
835229004405,24.99,21.96,0,46.95
835229004405,24.99,21.96,0,46.95
835229004405,24.99,21.96,0,46.95
835229004405,24.99,21.96,0,46.95
835229004405,24.99,21.96,0,46.95
835229004405,24.99,21.96,0,46.95
835229004405,24.99,21.96,0,46.95
835229004405,24.99,21.96,0,46.95
835229004405,24.99,21.96,0,46.95
835229004405,24.99,21.96,0,46.95
835229004405,24.99,21.96,0,46.95
835229004405,24.99,21.96,0,46.95
835229004405,24.99,21.96,0,46.95
835229004405,24.99,21.96,0,46.95
835229004405,24.99,21.96,0,46.95
835229004405,24.99,21.96,0,46.95
835229008403,24.99,21.96,0,46.95
835229008403,24.99,21.96,0,46.95
835229008403,23.99,19.96,0,43.95
835229008403,24.99,21.96,0,46.95
835229008403,24.99,21.96,0,46.95
835229008403,24.99,21.96,0,46.95
835229008403,24.99,21.96,0,46.95
835229008403,24.99,21.96,0,46.95
835229008403,24.99,21.96,0,46.95
835229008403,24.99,21.96,0,46.95
835229008403,24.99,21.96,0,46.95
835229008403,24.99,21.96,0,46.95
835229008403,24.99,21.96,0,46.95
835229008403,24.99,21.96,0,46.95
835229008403,24.99,21.96,0,46.95
835229008403,24.99,21.96,0,46.95
089540535531,12.99,9.96,,22.950000000000003
089540535531,12.99,9.96,,22.950000000000003
089540535531,12.99,9.96,,22.950000000000003
089540535531,12.99,9.96,,22.950000000000003
089540535531,12.99,9.96,,22.950000000000003
089540535531,12.99,9.96,,22.950000000000003
089540535531,12.99,9.96,,22.950000000000003
089540535531,12.99,9.96,,22.950000000000003
089540535531,12.99,9.96,,22.950000000000003
089540535531,12.99,9.96,,22.950000000000003
089540535531,12.99,9.96,,22.950000000000003
089540535531,12.99,9.96,,22.950000000000003
089540535531,12.99,9.96,,22.950000000000003
089540535531,12.99,9.96,,22.950000000000003
089540535531,12.99,9.96,,22.950000000000003
089540535531,12.99,9.96,,22.950000000000003
835229001244,24.99,21.96,0,46.95
835229001244,24.99,21.96,0,46.95
835229001244,24.99,21.96,0,46.95
835229001244,24.99,21.96,0,46.95
835229001244,24.99,21.96,0,46.95
835229001244,24.99,21.96,0,46.95
835229001244,24.99,21.96,0,46.95
835229001244,24.99,21.96,0,46.95
835229001244,24.99,21.96,0,46.95
835229001244,24.99,21.96,0,46.95
835229001244,24.99,21.96,0,46.95
835229001244,24.99,21.96,0,46.95
835229001244,24.99,21.96,0,46.95
835229001244,24.99,21.96,0,46.95
835229001244,24.99,21.96,0,46.95
835229001244,24.99,21.96,0,46.95
089540535296,12.99,0,,12.99
089540535296,12.99,0,,12.99
089540535296,12.99,0,,12.99
089540535296,12.99,0,,12.99
089540535296,12.99,0,,12.99
089540535296,12.99,0,,12.99
089540535296,12.99,0,,12.99
089540535296,12.99,0,,12.99
089540535296,12.99,0,,12.99
089540535296,12.99,0,,12.99
089540535296,12.99,0,,12.99
089540535296,12.99,0,,12.99
089540535296,12.99,0,,12.99
089540535296,12.99,0,,12.99
089540535296,12.99,0,,12.99
089540535296,12.99,0,,12.99
835229006409,24.99,21.96,0,46.95
835229006409,24.99,21.96,0,46.95
835229006409,23.99,19.96,0,43.95
835229006409,24.99,21.96,0,46.95
835229006409,24.99,21.96,0,46.95
835229006409,24.99,21.96,0,46.95
835229006409,24.99,21.96,0,46.95
835229006409,24.99,21.96,0,46.95
835229006409,24.99,21.96,0,46.95
835229006409,24.99,21.96,0,46.95
835229006409,24.99,21.96,0,46.95
835229006409,24.99,21.96,0,46.95
835229006409,24.99,21.96,0,46.95
835229006409,24.99,21.96,0,46.95
835229006409,24.99,21.96,0,46.95
835229006409,24.99,21.96,0,46.95
835229000605,31.99,27.96,0,59.95
835229000605,31.99,27.96,0,59.95
835229000605,31.99,26.96,0,58.95
835229000605,31.99,27.96,0,59.95
835229000605,31.99,27.96,0,59.95
835229000605,31.99,27.96,0,59.95
835229000605,31.99,27.96,0,59.95
835229000605,31.99,27.96,0,59.95
835229000605,31.99,27.96,0,59.95
835229000605,31.99,27.96,0,59.95
835229000605,31.99,27.96,0,59.95
835229000605,31.99,27.96,0,59.95
835229000605,31.99,27.96,0,59.95
835229000605,31.99,27.96,0,59.95
835229000605,31.99,27.96,0,59.95
835229000605,31.99,27.96,0,59.95
835229000100,10.99,0,,10.99
835229000100,10.99,0,,10.99
835229000100,10.99,0,,10.99
835229000100,10.99,0,,10.99
835229000100,10.99,0,,10.99
835229000100,10.99,0,,10.99
835229000100,10.99,0,,10.99
835229000100,10.99,0,,10.99
835229000100,10.99,0,,10.99
835229000100,10.99,0,,10.99
835229000100,10.99,0,,10.99
835229000100,10.99,0,,10.99
835229000100,10.99,0,,10.99
835229000100,10.99,0,,10.99
835229000100,10.99,0,,10.99
835229000100,10.99,0,,10.99
835229000209,14.99,12.96,0,27.950000000000003
835229000209,14.99,12.96,0,27.950000000000003
835229000209,14.99,12.96,0,27.950000000000003
835229000209,14.99,12.96,0,27.950000000000003
835229000209,14.99,12.96,0,27.950000000000003
835229000209,14.99,12.96,0,27.950000000000003
835229000209,14.99,12.96,0,27.950000000000003
835229000209,14.99,12.96,0,27.950000000000003
835229000209,14.99,12.96,0,27.950000000000003
835229000209,14.99,12.96,0,27.950000000000003
835229000209,14.99,12.96,0,27.950000000000003
835229000209,14.99,12.96,0,27.950000000000003
835229000209,14.99,12.96,0,27.950000000000003
835229000209,14.99,12.96,0,27.950000000000003
835229000209,14.99,12.96,0,27.950000000000003
835229000209,14.99,12.96,0,27.950000000000003
835229000001,2.99,0,,2.99
835229000001,2.99,0,,2.99
835229000001,2.99,0,,2.99
835229000001,2.99,0,,2.99
835229000001,2.99,0,,2.99
835229000001,2.99,0,,2.99
835229000001,2.99,0,,2.99
835229000001,2.99,0,,2.99
835229000001,2.99,0,,2.99
835229000001,2.99,0,,2.99
835229000001,2.99,0,,2.99
835229000001,2.99,0,,2.99
835229000001,2.99,0,,2.99
835229000001,2.99,0,,2.99
835229000001,2.99,0,,2.99
835229000001,2.99,0,,2.99
835229000308,19.99,17.96,0,37.95
835229000308,19.99,17.96,0,37.95
835229000308,19.99,17.96,0,37.95
835229000308,19.99,17.96,0,37.95
835229000308,19.99,17.96,0,37.95
835229000308,19.99,17.96,0,37.95
835229000308,19.99,17.96,0,37.95
835229000308,19.99,17.96,0,37.95
835229000308,19.99,17.96,0,37.95
835229000308,19.99,17.96,0,37.95
835229000308,19.99,17.96,0,37.95
835229000308,19.99,17.96,0,37.95
835229000308,19.99,17.96,0,37.95
835229000308,19.99,17.96,0,37.95
835229000308,19.99,17.96,0,37.95
835229000308,19.99,17.96,0,37.95
835229010116,24.99,21.96,0,46.95
835229010116,24.99,21.96,0,46.95
835229010116,24.99,21.96,0,46.95
835229010116,24.99,21.96,0,46.95
835229010116,24.99,21.96,0,46.95
835229010116,24.99,21.96,0,46.95
835229010116,24.99,21.96,0,46.95
835229010116,24.99,21.96,0,46.95
835229010116,24.99,21.96,0,46.95
835229010116,24.99,21.96,0,46.95
835229010116,24.99,21.96,0,46.95
835229010116,24.99,21.96,0,46.95
835229010116,24.99,21.96,0,46.95
835229010116,24.99,21.96,0,46.95
835229010116,24.99,21.96,0,46.95
835229010116,24.99,21.96,0,46.95
835229000407,24.99,21.96,0,46.95
835229000407,24.99,21.96,0,46.95
835229000407,23.99,19.96,0,43.95
835229000407,24.99,21.96,0,46.95
835229000407,24.99,21.96,0,46.95
835229000407,24.99,21.96,0,46.95
835229000407,24.99,21.96,0,46.95
835229000407,24.99,21.96,0,46.95
835229000407,24.99,21.96,0,46.95
835229000407,24.99,21.96,0,46.95
835229000407,24.99,21.96,0,46.95
835229000407,24.99,21.96,0,46.95
835229000407,24.99,21.96,0,46.95
835229000407,24.99,21.96,0,46.95
835229000407,24.99,21.96,0,46.95
835229000407,24.99,21.96,0,46.95
089540535517,12.99,9.96,,22.950000000000003
089540535517,12.99,9.96,,22.950000000000003
089540535517,12.99,9.96,,22.950000000000003
089540535517,12.99,9.96,,22.950000000000003
089540535517,12.99,9.96,,22.950000000000003
089540535517,12.99,9.96,,22.950000000000003
089540535517,12.99,9.96,,22.950000000000003
089540535517,11.49,9.96,,21.450000000000003
089540535517,12.99,9.96,,22.950000000000003
089540535517,11.49,9.96,,21.450000000000003
089540535517,12.99,9.96,,22.950000000000003
089540535517,12.99,9.96,,22.950000000000003
089540535517,12.99,9.96,,22.950000000000003
089540535517,12.99,9.96,,22.950000000000003
089540535517,12.99,9.96,,22.950000000000003
089540535517,12.99,9.96,,22.950000000000003
835229011151,26.99,22.96,,49.95
835229011151,26.99,22.96,,49.95
835229011151,26.99,22.96,,49.95
835229011151,26.99,22.96,,49.95
835229011151,26.99,22.96,,49.95
835229011151,26.99,22.96,,49.95
835229011151,26.99,22.96,,49.95
835229011151,26.99,22.96,,49.95
835229011151,26.99,22.96,,49.95
835229011151,26.99,22.96,,49.95
835229011151,26.99,22.96,,49.95
835229011151,26.99,22.96,,49.95
835229011151,26.99,22.96,,49.95
835229011151,26.99,22.96,,49.95
835229011151,26.99,22.96,,49.95
835229011151,26.99,22.96,,49.95
089540535319,12.49,10.96,,23.450000000000003
089540535319,12.49,10.96,,23.450000000000003
089540535319,12.49,10.96,,23.450000000000003
089540535319,12.49,10.96,,23.450000000000003
089540535319,12.49,10.96,,23.450000000000003
089540535319,12.99,10.96,,23.950000000000003
089540535319,12.99,10.96,,23.950000000000003
089540535319,12.49,10.96,,23.450000000000003
089540535319,12.99,10.96,,23.950000000000003
089540535319,12.99,10.96,,23.950000000000003
089540535319,12.99,10.96,,23.950000000000003
089540535319,12.49,10.96,,23.450000000000003
089540535319,12.49,10.96,,23.450000000000003
089540535319,12.99,10.96,,23.950000000000003
089540535319,12.49,10.96,,23.450000000000003
089540535319,12.99,10.96,,23.950000000000003
835229011007,24.99,21.96,0,46.95
835229011007,24.99,21.96,0,46.95
835229011007,24.99,21.96,0,46.95
835229011007,24.99,21.96,0,46.95
835229011007,24.99,21.96,0,46.95
835229011007,24.99,21.96,0,46.95
835229011007,24.99,21.96,0,46.95
835229011007,24.99,21.96,0,46.95
835229011007,24.99,21.96,0,46.95
835229011007,24.99,21.96,0,46.95
835229011007,24.99,21.96,0,46.95
835229011007,24.99,21.96,0,46.95
835229011007,24.99,21.96,0,46.95
835229011007,24.99,21.96,0,46.95
835229011007,24.99,21.96,0,46.95
835229011007,24.99,21.96,0,46.95
7500462214319,51.99,44.96,,96.95
7500462214319,51.99,44.96,,96.95
7500462214319,51.99,44.96,,96.95
7500462214319,51.99,44.96,,96.95
7500462214319,51.99,44.96,,96.95
7500462214319,51.99,44.96,,96.95
7500462214319,53.99,44.96,,98.95
7500462214319,51.99,44.96,,96.95
7500462214319,51.99,44.96,,96.95
7500462214319,51.99,44.96,,96.95
7500462214319,51.99,44.96,,96.95
7500462214319,51.99,44.96,,96.95
7500462214319,51.99,44.96,,96.95
7500462214319,51.99,44.96,,96.95
7500462214319,51.99,44.96,,96.95
7500462214319,51.99,44.96,,96.95
7500462214326,56.99,49.96,,106.95
7500462214326,56.99,0,,56.99
7500462214326,56.99,49.96,,106.95
7500462214326,56.99,0,,56.99
7500462214326,56.99,0,,56.99
7500462214326,56.99,49.96,,106.95
7500462214326,59.99,49.96,,109.95
7500462214326,56.99,0,,56.99
7500462214326,56.99,49.96,,106.95
7500462214326,56.99,0,,56.99
7500462214326,56.99,0,,56.99
7500462214326,56.99,49.96,,106.95
7500462214326,56.99,49.96,,106.95
7500462214326,59.99,49.95,,109.94
7500462214326,56.99,49.96,,106.95
7500462214326,56.99,49.96,,106.95
096749001491,19.99,0,,19.99
096749001491,19.99,0,,19.99
096749001491,19.99,0,,19.99
096749001491,19.99,0,,19.99
096749001491,19.99,0,,19.99
096749001491,19.99,0,,19.99
096749001491,19.99,0,,19.99
096749001491,19.99,16.95,,36.94
096749001491,19.99,0,,19.99
096749001491,19.99,0,,19.99
096749001491,19.99,0,,19.99
096749001491,19.99,0,,19.99
096749001491,19.99,0,,19.99
096749001491,19.99,0,,19.99
096749001491,19.99,0,,19.99
096749001491,19.99,0,,19.99
088352126821,13.79,11.95,,25.74
088352126821,17.49,14.96,,32.45
088352126821,13.79,11.95,,25.74
088352126821,17.49,14.96,,32.45
088352126821,13.79,11.95,,25.74
088352126821,19.99,14.96,,34.95
088352126821,13.79,11.95,,25.74
088352126821,19.99,14.96,,34.95
088352126821,13.79,11.95,,25.74
088352126821,19.99,14.96,,34.95
088352126821,13.79,11.95,,25.74
088352126821,13.79,11.95,,25.74
088352126821,17.49,14.96,,32.45
088352126821,13.79,11.95,,25.74
088352126821,17.49,14.96,,32.45
088352126821,13.79,11.95,,25.74
096749086337,11.99,9.96,,21.950000000000003
096749086337,11.99,9.96,,21.950000000000003
096749086337,11.49,9.96,,21.450000000000003
096749086337,11.99,9.96,,21.950000000000003
096749086337,11.49,9.96,,21.450000000000003
096749086337,11.99,9.96,,21.950000000000003
096749086337,11.99,9.96,,21.950000000000003
096749086337,11.99,9.96,,21.950000000000003
096749086337,11.49,9.96,,21.450000000000003
096749086337,11.99,9.96,,21.950000000000003
096749086337,11.99,9.96,,21.950000000000003
096749086337,11.49,9.96,,21.450000000000003
096749086337,11.99,9.96,,21.950000000000003
096749086337,11.99,9.96,,21.950000000000003
096749086337,11.99,9.96,,21.950000000000003
096749086337,11.49,9.96,,21.450000000000003
096749001507,11.99,0,,11.99
096749001507,11.99,0,,11.99
096749001507,11.49,9.95,,21.439999999999998
096749001507,11.99,0,,11.99
096749001507,11.99,0,,11.99
096749001507,11.99,0,,11.99
096749001507,11.99,0,,11.99
096749001507,11.99,0,,11.99
096749001507,11.99,0,,11.99
096749001507,11.99,0,,11.99
096749001507,11.99,0,,11.99
096749001507,11.49,9.95,,21.439999999999998
096749001507,11.99,0,,11.99
096749001507,11.99,0,,11.99
096749001507,11.99,0,,11.99
096749001507,11.99,0,,11.99
096749086542,12.99,0,,12.99
096749086542,12.99,0,,12.99
096749086542,12.99,0,,12.99
096749086542,12.99,0,,12.99
096749086542,12.99,0,,12.99
096749086542,12.99,0,,12.99
096749086542,12.99,0,,12.99
096749086542,12.99,0,,12.99
096749086542,12.99,0,,12.99
096749086542,12.99,0,,12.99
096749086542,12.99,0,,12.99
096749086542,12.99,0,,12.99
096749086542,12.99,0,,12.99
096749086542,12.99,0,,12.99
096749086542,12.99,0,,12.99
096749086542,12.99,0,,12.99
096749086269,18.99,15.96,,34.95
096749086269,18.99,15.96,,34.95
096749086269,18.99,15.96,,34.95
096749086269,18.99,15.96,,34.95
096749086269,18.99,15.96,,34.95
096749086269,18.99,15.96,,34.95
096749086269,18.99,15.96,,34.95
096749086269,18.99,15.96,,34.95
096749086269,18.99,15.96,,34.95
096749086269,18.99,15.96,,34.95
096749086269,18.99,15.96,,34.95
096749086269,18.99,15.96,,34.95
096749086269,18.99,15.96,,34.95
096749086269,18.99,15.96,,34.95
096749086269,18.99,15.96,,34.95
096749086269,18.99,15.96,,34.95
088352115283,9.99,8.96,,18.950000000000003
088352115283,10.99,8.96,,19.950000000000003
088352115283,10.99,8.96,,19.950000000000003
088352115283,10.99,8.96,,19.950000000000003
088352115283,10.99,8.96,,19.950000000000003
088352115283,10.99,8.96,,19.950000000000003
088352115283,10.99,8.96,,19.950000000000003
088352115283,10.99,8.96,,19.950000000000003
088352115283,10.99,8.96,,19.950000000000003
088352115283,10.99,8.96,,19.950000000000003
088352115283,10.99,8.96,,19.950000000000003
088352115283,10.99,8.96,,19.950000000000003
088352115283,10.99,8.96,,19.950000000000003
088352115283,10.99,8.96,,19.950000000000003
088352115283,10.99,8.96,,19.950000000000003
088352115283,10.99,8.96,,19.950000000000003
096749086283,11.49,9.96,,21.450000000000003
096749086283,11.49,9.96,,21.450000000000003
096749086283,11.99,9.96,,21.950000000000003
096749086283,11.99,9.96,,21.950000000000003
096749086283,11.49,9.96,,21.450000000000003
096749086283,11.49,9.96,,21.450000000000003
096749086283,11.49,9.96,,21.450000000000003
096749086283,11.49,9.96,,21.450000000000003
096749086283,11.49,9.96,,21.450000000000003
096749086283,11.99,9.96,,21.950000000000003
096749086283,11.49,9.96,,21.450000000000003
096749086283,11.99,9.96,,21.950000000000003
096749086283,11.99,9.96,,21.950000000000003
096749086283,11.49,9.96,,21.450000000000003
096749086283,8.99,7.95,,16.94
096749086283,11.49,9.96,,21.450000000000003
5016878600971,84.99,70.96,,155.95
5016878600971,84.99,70.96,,155.95
5016878600971,84.99,70.96,,155.95
5016878600971,84.99,70.96,,155.95
5016878600971,84.99,70.96,,155.95
5016878600971,84.99,70.96,,155.95
5016878600971,84.99,70.96,,155.95
5016878600971,84.99,70.96,,155.95
5016878600971,84.99,70.96,,155.95
5016878600971,84.99,70.96,,155.95
5016878600971,84.99,70.96,,155.95
5016878600971,84.99,70.96,,155.95
5016878600971,84.99,70.96,,155.95
5016878600971,84.99,70.96,,155.95
5016878600971,84.99,70.96,,155.95
5016878600971,84.99,70.96,,155.95
083664874248,31.99,0,,31.99
083664874248,31.99,0,,31.99
083664874248,31.99,0,,31.99
083664874248,31.99,0,,31.99
083664874248,31.99,0,,31.99
083664874248,31.99,0,,31.99
083664874248,31.99,0,,31.99
083664874248,31.99,0,,31.99
083664874248,31.99,0,,31.99
083664874248,31.99,0,,31.99
083664874248,31.99,0,,31.99
083664874248,31.99,0,,31.99
083664874248,31.99,0,,31.99
083664874248,31.99,0,,31.99
083664874248,31.99,0,,31.99
083664874248,31.99,0,,31.99
083664874231,31.99,0,,31.99
083664874231,31.99,0,,31.99
083664874231,31.99,0,,31.99
083664874231,31.99,0,,31.99
083664874231,31.99,0,,31.99
083664874231,31.99,0,,31.99
083664874231,31.99,0,,31.99
083664874231,31.99,0,,31.99
083664874231,31.99,0,,31.99
083664874231,31.99,0,,31.99
083664874231,31.99,0,,31.99
083664874231,31.99,0,,31.99
083664874231,31.99,0,,31.99
083664874231,31.99,0,,31.99
083664874231,31.99,0,,31.99
083664874231,31.99,0,,31.99
848375008555,11.99,0,,11.99
848375008555,11.99,0,,11.99
848375008555,11.99,0,,11.99
848375008555,11.99,0,,11.99
848375008555,11.99,0,,11.99
848375008555,11.99,0,,11.99
848375008555,11.99,0,,11.99
848375008555,11.99,0,,11.99
848375008555,11.99,0,,11.99
848375008555,11.99,0,,11.99
848375008555,11.99,0,,11.99
848375008555,11.99,0,,11.99
848375008555,11.99,0,,11.99
848375008555,11.99,0,,11.99
848375008555,11.99,0,,11.99
848375008555,11.99,0,,11.99
848375008562,11.99,0,,11.99
848375008562,11.99,0,,11.99
848375008562,11.99,0,,11.99
848375008562,11.99,0,,11.99
848375008562,11.99,0,,11.99
848375008562,11.99,0,,11.99
848375008562,11.99,0,,11.99
848375008562,11.99,0,,11.99
848375008562,11.99,0,,11.99
848375008562,11.99,0,,11.99
848375008562,11.99,0,,11.99
848375008562,11.99,0,,11.99
848375008562,11.99,0,,11.99
848375008562,11.99,0,,11.99
848375008562,11.99,0,,11.99
848375008562,11.99,0,,11.99
070491402355,0,0,,0
070491402355,0,0,,0
070491402355,0,0,,0
070491402355,0,0,,0
070491402355,0,0,,0
070491402355,0,0,,0
070491402355,0,0,,0
070491402355,0,0,,0
070491402355,0,0,,0
070491402355,0,0,,0
070491402355,0,0,,0
070491402355,0,0,,0
070491402355,0,0,,0
070491402355,0,0,,0
070491402355,0,0,,0
070491402355,14.99,0,,14.99
811538012010,31.99,0,,31.99
811538012010,31.99,0,,31.99
811538012010,31.99,0,,31.99
811538012010,31.99,0,,31.99
811538012010,31.99,0,,31.99
811538012010,31.99,0,,31.99
811538012010,31.99,0,,31.99
811538012010,31.99,0,,31.99
811538012010,31.99,0,,31.99
811538012010,31.99,0,,31.99
811538012010,31.99,0,,31.99
811538012010,31.99,0,,31.99
811538012010,31.99,0,,31.99
811538012010,31.99,0,,31.99
811538012010,31.99,0,,31.99
811538012010,31.99,0,,31.99
811538012072,33.99,0,,33.99
811538012072,33.99,0,,33.99
811538012072,33.99,0,,33.99
811538012072,33.99,0,,33.99
811538012072,33.99,0,,33.99
811538012072,33.99,0,,33.99
811538012072,33.99,0,,33.99
811538012072,33.99,0,,33.99
811538012072,33.99,0,,33.99
811538012072,33.99,0,,33.99
811538012072,33.99,0,,33.99
811538012072,33.99,0,,33.99
811538012072,33.99,0,,33.99
811538012072,33.99,0,,33.99
811538012072,33.99,0,,33.99
811538012072,33.99,0,,33.99
4969265758834,39.99,34.96,,74.95
4969265758834,39.99,34.96,,74.95
4969265758834,39.99,34.96,,74.95
4969265758834,39.99,34.96,,74.95
4969265758834,39.99,34.96,,74.95
4969265758834,39.99,34.96,,74.95
4969265758834,41.99,34.96,,76.95
4969265758834,39.99,34.96,,74.95
4969265758834,39.99,34.96,,74.95
4969265758834,39.99,34.96,,74.95
4969265758834,39.99,34.96,,74.95
4969265758834,39.99,34.96,,74.95
4969265758834,39.99,34.96,,74.95
4969265758834,39.99,34.96,,74.95
4969265758834,39.99,34.96,,74.95
4969265758834,39.99,34.96,,74.95
4969265778597,42.99,39.96,,82.95
4969265778597,42.99,39.96,,82.95
4969265778597,42.99,39.96,,82.95
4969265778597,42.99,39.96,,82.95
4969265778597,42.99,39.96,,82.95
4969265778597,42.99,39.96,,82.95
4969265778597,47.99,39.96,,87.95
4969265778597,42.99,39.96,,82.95
4969265778597,42.99,39.96,,82.95
4969265778597,42.99,39.96,,82.95
4969265778597,42.99,39.96,,82.95
4969265778597,42.99,39.96,,82.95
4969265778597,42.99,39.96,,82.95
4969265778597,42.99,39.96,,82.95
4969265778597,42.99,39.96,,82.95
4969265778597,42.99,39.96,,82.95
080686820420,74.99,0,,74.99
080686820420,74.99,0,,74.99
080686820420,74.99,0,,74.99
080686820420,74.99,0,,74.99
080686820420,74.99,0,,74.99
080686820420,74.99,0,,74.99
080686820420,74.99,0,,74.99
080686820420,74.99,0,,74.99
080686820420,74.99,0,,74.99
080686820420,74.99,0,,74.99
080686820420,74.99,0,,74.99
080686820420,74.99,0,,74.99
080686820420,74.99,0,,74.99
080686820420,74.99,0,,74.99
080686820420,74.99,0,,74.99
080686820420,74.99,0,,74.99
660457529808,53.99,44.96,,98.95
660457529808,53.99,44.96,,98.95
660457529808,53.99,44.96,,98.95
660457529808,53.99,44.96,,98.95
660457529808,53.99,44.96,,98.95
660457529808,53.99,44.96,,98.95
660457529808,53.99,44.96,,98.95
660457529808,53.99,44.96,,98.95
660457529808,53.99,44.96,,98.95
660457529808,53.99,44.96,,98.95
660457529808,53.99,44.96,,98.95
660457529808,53.99,44.96,,98.95
660457529808,53.99,44.96,,98.95
660457529808,53.99,44.96,,98.95
660457529808,53.99,44.96,,98.95
660457529808,53.99,44.96,,98.95
088320152005,19.99,0,,19.99
088320152005,19.99,0,,19.99
088320152005,19.99,0,,19.99
088320152005,19.99,0,,19.99
088320152005,19.99,0,,19.99
088320152005,19.99,0,,19.99
088320152005,19.99,0,,19.99
088320152005,19.99,0,,19.99
088320152005,19.99,0,,19.99
088320152005,19.99,0,,19.99
088320152005,19.99,0,,19.99
088320152005,19.99,0,,19.99
088320152005,19.99,0,,19.99
088320152005,19.99,0,,19.99
088320152005,19.99,0,,19.99
088320152005,19.99,0,,19.99
8437005781542,0,0,,0
8437005781542,0,0,,0
8437005781542,0,0,,0
8437005781542,0,0,,0
8437005781542,0,0,,0
8437005781542,0,0,,0
8437005781542,0,0,,0
8437005781542,0,0,,0
8437005781542,0,0,,0
8437005781542,0,0,,0
8437005781542,0,0,,0
8437005781542,0,0,,0
8437005781542,0,0,,0
8437005781542,0,0,,0
8437005781542,0,0,,0
8437005781542,0,0,,0
8437005781559,0,0,,0
8437005781559,0,0,,0
8437005781559,0,0,,0
8437005781559,0,0,,0
8437005781559,0,0,,0
8437005781559,0,0,,0
8437005781559,0,0,,0
8437005781559,0,0,,0
8437005781559,0,0,,0
8437005781559,0,0,,0
8437005781559,0,0,,0
8437005781559,0,0,,0
8437005781559,0,0,,0
8437005781559,0,0,,0
8437005781559,0,0,,0
8437005781559,0,0,,0
8437005781525,0,0,,0
8437005781525,0,0,,0
8437005781525,0,0,,0
8437005781525,0,0,,0
8437005781525,0,0,,0
8437005781525,0,0,,0
8437005781525,0,0,,0
8437005781525,0,0,,0
8437005781525,0,0,,0
8437005781525,0,0,,0
8437005781525,0,0,,0
8437005781525,0,0,,0
8437005781525,0,0,,0
8437005781525,0,0,,0
8437005781525,0,0,,0
8437005781525,0,0,,0
083300048729,27.99,25.96,0,53.95
083300048729,27.99,25.96,0,53.95
083300048729,27.99,25.96,0,53.95
083300048729,27.99,25.96,0,53.95
083300048729,27.99,25.96,0,53.95
083300048729,27.99,25.96,0,53.95
083300048729,27.99,25.96,0,53.95
083300048729,27.99,25.96,0,53.95
083300048729,27.99,25.96,0,53.95
083300048729,27.99,25.96,0,53.95
083300048729,27.99,25.96,0,53.95
083300048729,27.99,25.96,0,53.95
083300048729,27.99,25.96,0,53.95
083300048729,27.99,25.96,0,53.95
083300048729,27.99,25.96,0,53.95
083300048729,27.99,25.96,0,53.95
850192005013,26.99,0,,26.99
850192005013,26.99,0,,26.99
850192005013,26.99,0,,26.99
850192005013,26.99,0,,26.99
850192005013,26.99,0,,26.99
850192005013,26.99,0,,26.99
850192005013,26.99,0,,26.99
850192005013,26.99,0,,26.99
850192005013,26.99,0,,26.99
850192005013,26.99,0,,26.99
850192005013,26.99,0,,26.99
850192005013,26.99,0,,26.99
850192005013,26.99,0,,26.99
850192005013,26.99,0,,26.99
850192005013,26.99,0,,26.99
850192005013,26.99,0,,26.99
810735016227,6.99,5.96,0,12.95
810735016227,6.99,5.96,0,12.95
810735016227,6.99,5.96,0,12.95
810735016227,6.99,5.96,0,12.95
810735016227,6.99,5.96,0,12.95
810735016227,6.99,5.96,0,12.95
810735016227,6.99,5.96,0,12.95
810735016227,6.99,5.96,0,12.95
810735016227,6.99,5.96,0,12.95
810735016227,6.99,5.96,0,12.95
810735016227,6.99,5.96,0,12.95
810735016227,6.99,5.96,0,12.95
810735016227,6.99,5.96,0,12.95
810735016227,6.99,5.96,0,12.95
810735016227,6.99,5.96,0,12.95
810735016227,6.99,5.96,0,12.95
080244002114,25.99,22.96,,48.95
080244002114,25.99,22.96,,48.95
080244002114,25.99,22.96,,48.95
080244002114,25.99,22.96,,48.95
080244002114,25.99,22.96,,48.95
080244002114,25.99,22.96,,48.95
080244002114,25.99,22.96,,48.95
080244002114,25.99,22.96,,48.95
080244002114,25.99,22.96,,48.95
080244002114,25.99,22.96,,48.95
080244002114,25.99,22.96,,48.95
080244002114,25.99,22.96,,48.95
080244002114,25.99,22.96,,48.95
080244002114,25.99,22.96,,48.95
080244002114,25.99,22.96,,48.95
080244002114,25.99,22.96,,48.95
080244002121,15.99,0,,15.99
080244002121,15.99,0,,15.99
080244002121,15.99,0,,15.99
080244002121,15.99,0,,15.99
080244002121,15.99,0,,15.99
080244002121,15.99,0,,15.99
080244002121,15.99,0,,15.99
080244002121,15.99,0,,15.99
080244002121,15.99,0,,15.99
080244002121,15.99,0,,15.99
080244002121,15.99,0,,15.99
080244002121,15.99,0,,15.99
080244002121,15.99,0,,15.99
080244002121,15.99,0,,15.99
080244002121,15.99,0,,15.99
080244002121,15.99,0,,15.99
632070100023,71.99,59.96,,131.95
632070100023,64.99,59.96,,124.94999999999999
632070100023,64.99,59.96,,124.94999999999999
632070100023,64.99,59.96,,124.94999999999999
632070100023,64.99,59.96,,124.94999999999999
632070100023,64.99,59.96,,124.94999999999999
632070100023,59.99,49.95,,109.94
632070100023,59.99,49.95,,109.94
632070100023,71.99,59.96,,131.95
632070100023,59.99,49.95,,109.94
632070100023,71.99,59.96,,131.95
632070100023,64.99,59.96,,124.94999999999999
632070100023,64.99,59.96,,124.94999999999999
632070100023,64.99,59.96,,124.94999999999999
632070100023,64.99,59.96,,124.94999999999999
632070100023,64.99,59.96,,124.94999999999999
080480987756,84.99,70.96,,155.95
080480987787,29.99,24.96,,54.95
080480987787,29.99,24.96,,54.95
080480987787,29.99,24.96,,54.95
080480987787,29.99,24.96,,54.95
080480987787,28.99,24.96,,53.95
080480987787,28.99,24.96,,53.95
080480987787,28.99,24.96,,53.95
080480987787,28.99,24.96,,53.95
080480987787,28.99,24.96,,53.95
080480987787,28.99,24.96,,53.95
080480987787,29.99,24.96,,54.95
080480987787,29.99,24.96,,54.95
080480987787,29.99,24.96,,54.95
080480987787,28.99,24.96,,53.95
080480987787,29.99,24.96,,54.95
080480987787,29.99,24.96,,54.95
850047003003,48.99,39.96,0,88.95
850047003003,48.99,39.96,0,88.95
850047003003,48.99,39.96,0,88.95
850047003003,48.99,39.96,0,88.95
850047003003,48.99,39.96,0,88.95
850047003003,48.99,39.96,0,88.95
850047003003,48.99,39.96,0,88.95
