Store,Supplier,Item,Product Code,Store OH,WOS,Order Cases,Order Units,Unit Cost,Order $
Andover,Bellboy Corporation,Spooky Green Olive Bloody Mary,859579004557,0,0.0,1,12,4.42,53.0
Andover,Bellboy Corporation,ReaLime 5oz,041409000062,3,0.6,1,24,0.99,24.0
Andover,Bellboy Corporation,Clamato Tomato Cocktail 32oz,014800513240,2,1.2,1,12,3.67,44.0
Andover,"Breakthru Beverage Minnesota Wine & Spirits, LLC",Mr & Mrs T Bloody Mary 1.75L,070655910016,2,2.1,1,6,7.5,45.0
Andover,"Capitol Beverage Sales, L.P.",Mr Pure Pineapple Juice 32oz,072718100631,0,0.0,1,12,2.6,31.0
Andover,"Capitol Beverage Sales, L.P.",Mr Pure Cranberry Juice 32oz,072718100358,0,0.0,1,12,2.56,31.0
Andover,"Capitol Beverage Sales, L.P.",Curts Bloody Mary Mix 1 Quart,688677626787,3,2.6,1,12,5.42,65.0
Andover,"Chas A. Bernick, Inc.",Mr Pure Cranberry Juice 16oz,072718100709,0,0.0,1,12,1.11,13.0
Andover,Great Lakes Coca-Cola Distribution,Coke Zero 20oz,049000040869,0,0.0,1,24,2.09,50.0
Andover,Great Lakes Coca-Cola Distribution,Coke Diet 20oz,049000000450,12,1.6,1,24,2.07,50.0
Andover,Great Lakes Coca-Cola Distribution,Sprite 2L,049000050158,6,1.7,1,8,3.21,26.0
Andover,Great Lakes Coca-Cola Distribution,Coke Zero 2L,049000050141,7,2.3,1,8,3.21,26.0
Andover,Great Lakes Coca-Cola Distribution,Sprite Diet Zero 2L,049000050172,7,2.5,1,8,3.21,26.0
Andover,Great Lakes Coca-Cola Distribution,Coke Diet 2L,049000050110,23,2.9,2,16,3.21,51.0
Andover,Great Lakes Coca-Cola Distribution,Minute Maid Lemonade 2L,025000053818,8,3.8,1,8,3.21,26.0
Andover,Great Lakes Coca-Cola Distribution,Coke 20oz,04904403,28,3.9,1,24,2.08,50.0
Andover,Johnson Brothers - St. Paul,Master of Mixes Bloody Mary Liter,070491212251,0,0.0,1,12,0.0,0.0
Andover,Johnson Brothers - St. Paul,Master of Mixes Simple Syrup 375ml,070491352070,9,2.4,1,12,2.67,32.0
Andover,Johnson Brothers - St. Paul,Jose Cuervo Margarita Mix 1.75L,811538011150,2,2.9,1,6,5.73,34.0
Andover,Joseph Zimmerley,Perfect Press Margarita Cocktail Mix,860000597524,4,2.1,4,4,17.25,69.0
Andover,"M Amundson, LLP",Swisher Sweet Cream,025900226732,0,0.0,1,15,3.36,50.0
Andover,"M Amundson, LLP",Marlboro Silver 100s,02847829,10,2.5,1,10,12.62,126.0
Andover,Phillips Wine & Spirits - St. Paul,Zing Zang Bloody Mary 6pk 8oz can,616003737555,0,0.0,1,4,6.53,26.0
Andover,Phillips Wine & Spirits - St. Paul,Gosling's Diet Ginger Beer 6pk 12oz can,721094199752,0,0.0,1,4,4.46,18.0
Andover,Phillips Wine & Spirits - St. Paul,Gosling's Ginger Beer 6pk 12oz can,721094199707,0,0.0,1,4,4.22,17.0
Andover,Phillips Wine & Spirits - St. Paul,Zing Zang Bloody Mary 1.75L,616003708777,0,0.0,2,12,3.4,41.0
Andover,Phillips Wine & Spirits - St. Paul,Zing Zang Bloody Mary Mix 32oz,616003814225,4,1.7,1,12,3.67,44.0
Andover,Phillips Wine & Spirits - St. Paul,Zing Zang Margarita Mix 32oz,616003945219,1,2.1,1,12,3.45,41.0
Andover,Phillips Wine & Spirits - St. Paul,Tres Agaves Bloody Mary Mix Liter,854125003091,1,2.1,1,12,5.87,70.0
Andover,Phillips Wine & Spirits - St. Paul,Filthy Olive Brine 8oz,899682002286,4,2.1,1,12,3.45,41.0
Andover,Phillips Wine & Spirits - St. Paul,Filthy Black Cherries 11oz,899682002873,3,2.6,1,12,10.5,126.0
Andover,Red Bull Distribution Company,Red Bull Energy Drink 12pk 8oz can,611269426724,1,1.1,2,4,21.37,85.0
Andover,Red Bull Distribution Company,Red Bull Sugar Free 4pk 8oz can,611269109009,3,2.6,1,6,7.16,43.0
Andover,"True Brands, Inc.",Bailey's Liqueur Chocolate Tube,756774024895,0,0.0,1,6,7.42,45.0
Andover,"True Brands, Inc.",20 Red Shot Glasses,842094150915,3,3.2,1,12,1.63,20.0
Andover,,Second Harvest Heartland Donation,400000025780,-146,-4.3,137,137,0.0,0.0
Andover,,Tip Item,TIP,0,0.0,25,25,0.0,0.0
Andover,,MN Ice Shard,865839000276,0,0.0,1,1,5.55,6.0
Andover,,Curts Spicy Bloody Mary Mix 1 Quart,688677627890,0,0.0,3,3,5.42,16.0
Andover,,Finest Call Extra Spicy Bloody,070491728974,2,2.9,1,1,3.44,3.0
Blaine,Bellboy Corporation,SBOC Garlic Olives 5oz,089156801280,0,0.0,1,6,4.27,26.0
Blaine,Bellboy Corporation,SBOC Pimento Martini Olives 10oz,089156001123,0,0.0,1,6,5.21,31.0
Blaine,Bellboy Corporation,Fee Brothers Bitters 4oz,791863140506,0,0.0,1,12,8.63,104.0
Blaine,Bellboy Corporation,ReaLime 5oz,041409000062,0,0.0,1,24,0.99,24.0
Blaine,Bellboy Corporation,SBOC Dirty Martini Mix 375ml,089156001314,1,0.4,1,12,3.1,37.0
Blaine,Bellboy Corporation,Roses Sweetened Lime Juice 12oz,01667135,1,0.6,1,6,3.73,22.0
Blaine,Bellboy Corporation,Clamato Tomato Cocktail 64oz,014800516470,2,1.4,1,8,6.0,48.0
Blaine,Bellboy Corporation,SBOC Blue Cheese Stuffed 5oz,089156001369,1,2.1,1,6,4.27,26.0
Blaine,Bellboy Corporation,The Royal Cherry 10oz,071943117131,2,2.1,1,6,3.48,21.0
Blaine,Bellboy Corporation,Traverse City Cherries 21oz,859122005246,4,2.4,1,6,12.91,77.0
Blaine,Bellboy Corporation,Rokz Bloody Mary Salt 4oz,855439000738,5,2.4,1,6,3.79,23.0
Blaine,Bellboy Corporation,Mr & Mrs T Bloody Mary Liter,070655901304,3,2.6,1,6,4.58,27.0
Blaine,Bellboy Corporation,Ocean Spray Orange Juice 32oz,031200007360,9,3.5,1,12,3.53,42.0
Blaine,"Breakthru Beverage Minnesota Wine & Spirits, LLC",Mr & Mrs T Sweet & Sour 1.75L,070655910054,0,0.0,1,6,6.74,40.0
Blaine,"Breakthru Beverage Minnesota Wine & Spirits, LLC",Roses Sweetened Lime Liter,016600000739,0,0.0,1,12,6.13,74.0
Blaine,"Breakthru Beverage Minnesota Wine & Spirits, LLC",Mr & Mrs T Bold & Spicy 1.75L,070655910030,2,1.7,1,6,7.5,45.0
Blaine,"Capitol Beverage Sales, L.P.",Polar Diet Tonic Water w/Lime Liter,071537020670,7,2.7,1,12,0.7,8.0
Blaine,"Capitol Beverage Sales, L.P.",Mr Pure Cranberry Juice 32oz,072718100358,8,2.9,1,12,2.56,31.0
Blaine,"Chas A. Bernick, Inc.",Mr Pure Pineapple Juice 16oz btl,072718601077,7,2.7,1,12,1.62,19.0
Blaine,Great Lakes Coca-Cola Distribution,Coke Diet 12pk 12oz can,049000028911,4,1.1,5,10,9.65,97.0
Blaine,Great Lakes Coca-Cola Distribution,Seagrams Ginger Ale 2L,072979004181,3,1.8,1,8,3.2,26.0
Blaine,Great Lakes Coca-Cola Distribution,Fresca 2L,049000050288,4,2.1,1,8,3.21,26.0
Blaine,Great Lakes Coca-Cola Distribution,Sprite 2L,049000050158,10,2.9,1,8,3.21,26.0
Blaine,Great Lakes Coca-Cola Distribution,Minute Maid Lemonade 2L,025000053818,7,3.0,1,8,3.21,26.0
Blaine,Great Lakes Coca-Cola Distribution,Coke 2L,049000050103,16,3.0,1,8,3.21,26.0
Blaine,Johnson Brothers - St. Paul,Jose Cuervo Margarita Mix 1.75L,811538011150,0,0.0,3,18,5.73,103.0
Blaine,Johnson Brothers - St. Paul,Master of Mixes Simple Syrup 375ml,070491352070,15,3.2,1,12,2.67,32.0
Blaine,"M Amundson, LLP",Camel Menthol Crush Green,01238838,-1,-2.1,1,10,12.9,129.0
Blaine,Pepsi-Cola,Gatorlyte Lemon Lime 20oz,052000052862,0,0.0,1,12,1.84,22.0
Blaine,Pepsi-Cola,Pepsi 12pk 12oz can,012000809941,1,1.1,2,4,9.06,36.0
Blaine,Phillips Wine & Spirits - St. Paul,Gosling's Ginger Beer 6pk 12oz can,721094199707,0,0.0,1,4,4.22,17.0
Blaine,Phillips Wine & Spirits - St. Paul,Cock n Bull Ginger Beer 4pk 12oz btl,072924012131,3,0.5,4,24,4.49,108.0
Blaine,Phillips Wine & Spirits - St. Paul,Zing Zang Bloody Mary 6pk 8oz can,616003737555,1,1.4,1,4,6.53,26.0
Blaine,Phillips Wine & Spirits - St. Paul,Zing Zang Bloody Mary Dill Pickles 32oz,616003616232,3,2.6,1,6,3.67,22.0
Blaine,Phillips Wine & Spirits - St. Paul,Cock n Bull Light Ginger Beer 4pk 12oz btl,072924112046,5,3.1,1,6,4.4,26.0
Blaine,Red Bull Distribution Company,Red Bull Energy Drink 4pk 8oz can,611269108026,0,0.0,1,6,7.31,44.0
Blaine,Red Bull Distribution Company,Red Bull Sugar Free 16oz can,611269546026,0,0.0,1,12,3.09,37.0
Blaine,Red Bull Distribution Company,Red Bull Energy Drink 8oz can,611269991000,4,0.4,2,48,1.88,90.0
Blaine,Small Lot MN,Garden Variety Bloody Mary 1.75L,723651049081,2,2.9,1,6,10.0,60.0
Blaine,"True Brands, Inc.",Happy Hour Cocktail Napkin by Cakewalk,842094198467,0,0.0,1,12,1.59,19.0
Blaine,"True Brands, Inc.",2 oz plastic shot glasses,842094181766,4,2.4,1,12,4.18,50.0
Blaine,,Non-Refundable Transaction,NON-REFUNDABLE,-299,-640.7,2,2,0.0,0.0
Blaine,,Second Harvest Heartland Donation,400000025780,-51,-4.3,48,48,0.0,0.0
Blaine,,Tip Item,TIP,0,0.0,55,55,0.0,0.0
Blaine,,Charm Social Tonic Lemon Ginger 12oz can,400000025568,0,0.0,3,3,2.42,7.0
Blaine,,MN Ice Shard,865839000276,1,0.5,7,7,5.55,39.0
Blaine,,MN Ice Sphere,865839000283,2,1.7,3,3,6.21,19.0
Blaine,,Fever Tree Light Ginger Beer 8pk 5oz can,812136033131,5,2.1,5,5,5.67,28.0
Blaine,,Curts Spicy Bloody Mary Mix 1 Quart,688677627890,4,2.4,3,3,5.42,16.0
Blaine,,MN Ice Small Bag,865839000252,117,2.4,82,82,1.25,102.0
Blaine,,MN Ice Rock,865839000238,6,2.9,3,3,5.49,16.0
Blaine,,Grizzly Wintergreen Pouches,04254311,7,3.8,1,1,9.72,10.0
Bloomington,Bellboy Corporation,Rokz Lime Margarita Salt 4oz,855439000691,0,0.0,1,6,3.79,23.0
Bloomington,Bellboy Corporation,Roses Grenadine 12oz,01667436,1,1.4,1,6,3.73,22.0
Bloomington,Bellboy Corporation,Ocean Spray Cranberry Juice,031200200006,6,2.1,1,12,2.99,36.0
Bloomington,"Capitol Beverage Sales, L.P.",Mr Pure Cranberry Juice 32oz,072718100358,4,1.7,1,12,2.56,31.0
Bloomington,Charm LLC,Charm Social Tonic Lemon Ginger 4pk 12oz can,400000025575,3,1.4,1,6,9.67,58.0
Bloomington,Great Lakes Coca-Cola Distribution,Minute Maid Lemonade 2L,025000053818,0,0.0,2,16,3.21,51.0
Bloomington,Great Lakes Coca-Cola Distribution,Sprite Diet Zero 2L,049000050172,3,1.6,1,8,3.21,26.0
Bloomington,Great Lakes Coca-Cola Distribution,Coke Diet 2L,049000050110,4,1.7,1,8,3.21,26.0
Bloomington,Great Lakes Coca-Cola Distribution,Sprite 2L,049000050158,6,2.9,1,8,3.21,26.0
Bloomington,Great Lakes Coca-Cola Distribution,Sprite Zero 20oz,049000037197,12,2.9,1,24,2.0,48.0
Bloomington,Great Lakes Coca-Cola Distribution,Powerade Mountain Berry Blast 20oz,049000045659,18,3.4,1,24,1.14,27.0
Bloomington,Pepsi-Cola,Gatorade Gatorlyte Strawberry Kiwi 20oz,052000047912,0,0.0,1,12,1.84,22.0
Bloomington,Phillips Wine & Spirits - St. Paul,Tres Agaves Organic Agave Nectar,854125003053,-1,-4.3,1,12,6.5,78.0
Bloomington,Red Bull Distribution Company,Red Bull Amber 12oz can,611269001303,0,0.0,1,24,2.39,57.0
Bloomington,Red Bull Distribution Company,Red Bull Iced Vanilla Berry 12oz can,611269001846,1,0.9,1,24,2.41,58.0
Bloomington,Red Bull Distribution Company,Red Bull Yellow Edition 12oz can,611269113570,1,2.1,1,24,2.3,55.0
Bloomington,Red Bull Distribution Company,Red Bull Summer Edition 12oz can,611269001648,2,2.9,1,24,2.31,55.0
Bloomington,,Second Harvest Heartland Donation,400000025780,-59,-4.3,56,56,0.0,0.0
Bloomington,,Tip Item,TIP,0,0.0,1,1,0.0,0.0
Bloomington,,MN Ice Big Bag,865839000245,17,0.3,179,179,3.5,626.0
Chanhassen,Bellboy Corporation,Traverse City Cherries 21oz,859122005246,0,0.0,1,6,12.91,77.0
Chanhassen,Bellboy Corporation,SBOC Pimento Stuffed 5oz,089156001130,0,0.0,1,6,3.6,22.0
Chanhassen,Bellboy Corporation,SBOC Pitted Green Olives 4oz,089156801082,1,2.1,1,6,3.17,19.0
Chanhassen,"Capitol Beverage Sales, L.P.",Polar Club Soda Liter,071537020045,0,0.0,2,24,0.73,17.0
Chanhassen,Great Lakes Coca-Cola Distribution,Coke Zero 12pk 12oz can,049000042559,0,0.0,2,4,9.65,39.0
Chanhassen,Great Lakes Coca-Cola Distribution,Fresca 20oz,049000018066,2,0.4,1,24,2.07,50.0
Chanhassen,Great Lakes Coca-Cola Distribution,Sprite 2L,049000050158,3,0.9,2,16,3.21,51.0
Chanhassen,Great Lakes Coca-Cola Distribution,Coke Diet 2L,049000050110,5,1.3,2,16,3.21,51.0
Chanhassen,Great Lakes Coca-Cola Distribution,Coke Zero 2L,049000050141,1,2.1,1,8,3.21,26.0
Chanhassen,Great Lakes Coca-Cola Distribution,Sprite Diet Zero 2L,049000050172,7,2.1,1,8,3.21,26.0
Chanhassen,Great Lakes Coca-Cola Distribution,Sprite 20oz,04976400,14,3.8,1,24,2.09,50.0
Chanhassen,"M Amundson, LLP",Marlboro 100s,02836328,16,2.4,2,20,12.61,252.0
Chanhassen,Pepsi-Cola,Mountain Dew Kickstart Fruit 16oz can,012000110467,1,1.4,1,12,1.6,19.0
Chanhassen,Pepsi-Cola,Schweppes Club Soda Liter,078000203455,8,1.4,2,30,1.22,37.0
Chanhassen,Pepsi-Cola,Schweppes Tonic Liter,078000218459,9,2.0,1,15,1.24,19.0
Chanhassen,Pepsi-Cola,Gatorade Glacier Cherry 28oz,052000102413,7,2.3,1,15,1.88,28.0
Chanhassen,Pepsi-Cola,Gatorlyte Lemon Lime 20oz,052000052862,5,2.7,1,12,1.84,22.0
Chanhassen,Pepsi-Cola,Starbucks Frappucino Mocha 14oz,01245200,5,3.6,1,12,2.59,31.0
Chanhassen,Phillips Wine & Spirits - St. Paul,Gosling's Ginger Beer 6pk 12oz can,721094199707,0,0.0,1,4,4.22,17.0
Chanhassen,Phillips Wine & Spirits - St. Paul,Gosling's Diet Ginger Beer 6pk 12oz can,721094199752,0,0.0,1,4,4.46,18.0
Chanhassen,Phillips Wine & Spirits - St. Paul,Filthy Olive Brine 8oz,899682002286,0,0.0,1,12,3.45,41.0
Chanhassen,Phillips Wine & Spirits - St. Paul,Tres Agaves Margarita Mix Liter,854125003039,1,0.9,1,12,5.87,70.0
Chanhassen,Red Bull Distribution Company,Red Bull Energy Drink 4pk 8oz can,611269108026,0,0.0,1,6,7.31,44.0
Chanhassen,Red Bull Distribution Company,Red Bull Blue Edition 12oz can,611269182460,0,0.0,1,24,2.18,52.0
Chanhassen,Red Bull Distribution Company,Red Bull Summer Lime 12oz can,611269003642,4,3.4,1,24,2.18,52.0
Chanhassen,"True Brands, Inc.",Glacier Rocks 8-Piece Soapstone Set,876718037764,0,0.0,1,4,19.1,76.0
Chanhassen,"Vinocopia, Inc",Gosling's Ginger Beer 12pk,721094199844,0,0.0,1,2,12.0,24.0
Chanhassen,,Non-Refundable Transaction,NON-REFUNDABLE,-80,-342.9,1,1,0.0,0.0
Chanhassen,,Second Harvest Heartland Donation,400000025780,-136,-4.3,127,127,0.0,0.0
Chanhassen,,Tip Item,TIP,0,0.0,12,12,0.0,0.0
Chanhassen,,MN Ice Cylinder,865839000221,0,0.0,2,2,5.49,11.0
Chanhassen,,MN Ice Sphere,865839000283,0,0.0,3,3,6.21,19.0
Chanhassen,,Fever Tree Light Ginger Beer 8pk 5oz can,812136033131,1,2.1,1,1,5.67,6.0
Chanhassen,,MN Ice Small Bag,865839000252,41,2.2,35,35,1.25,44.0
Chanhassen,,MN Ice Rock,865839000238,2,2.9,1,1,5.49,5.0
Chanhassen,,Marlboro Gold,02838423,40,3.6,4,4,12.64,51.0
Cottage Grove,Bellboy Corporation,SBOC Pimento Stuffed 5oz,089156001130,0,0.0,1,6,3.6,22.0
Cottage Grove,Bellboy Corporation,SBOC Dirty Martini Mix 375ml,089156001314,0,0.0,1,12,3.1,37.0
Cottage Grove,Bellboy Corporation,Spooky Green Olive Bloody Mary,859579004557,0,0.0,1,12,4.42,53.0
Cottage Grove,Bellboy Corporation,Ocean Spray Cranberry Juice,031200200006,1,0.4,1,12,2.99,36.0
Cottage Grove,Bellboy Corporation,Roses Grenadine 12oz,01667436,2,1.7,1,6,3.73,22.0
Cottage Grove,Bellboy Corporation,Dole Pineapple Juice 46oz,038900008086,5,1.9,1,12,4.5,54.0
Cottage Grove,Bellboy Corporation,Twang Lime Beer Salt 1.4oz,023604231076,14,3.2,1,24,1.6,38.0
Cottage Grove,Bellboy Corporation,Clamato Tomato Cocktail 64oz,014800516470,7,3.8,1,8,6.0,48.0
Cottage Grove,"Breakthru Beverage Minnesota Wine & Spirits, LLC",Mr & Mrs T Bloody Mary 1.75L,070655910016,0,0.0,1,6,7.5,45.0
Cottage Grove,"Breakthru Beverage Minnesota Wine & Spirits, LLC",Kickled Mary Extra Spicy 32oz,682131859995,0,0.0,1,12,7.22,87.0
Cottage Grove,Great Lakes Coca-Cola Distribution,Coke Zero 12pk 12oz can,049000042559,0,0.0,5,10,9.65,96.0
Cottage Grove,Great Lakes Coca-Cola Distribution,Sprite Diet Zero 2L,049000050172,0,0.0,1,8,3.21,26.0
Cottage Grove,Great Lakes Coca-Cola Distribution,Minute Maid Lemonade 2L,025000053818,1,0.4,2,16,3.21,51.0
Cottage Grove,Great Lakes Coca-Cola Distribution,Coke 20oz,04904403,14,2.0,1,24,2.08,50.0
Cottage Grove,Great Lakes Coca-Cola Distribution,Sprite 2L,049000050158,8,2.1,1,8,3.21,26.0
Cottage Grove,Great Lakes Coca-Cola Distribution,Fresca 20oz,049000018066,5,3.6,1,24,2.07,50.0
Cottage Grove,Johnson Brothers - St. Paul,Master of Mixes Simple Syrup 375ml,070491352070,-2,-1.1,1,12,2.67,32.0
Cottage Grove,Johnson Brothers - St. Paul,Master of Mixes Margarita Salt 8oz,070491522923,4,3.4,1,12,1.33,16.0
Cottage Grove,"M Amundson, LLP",Marlboro Menthol 72s,02896223,12,2.7,1,10,13.09,131.0
Cottage Grove,"M Amundson, LLP",Camel Menthol Crush Green,01238838,19,3.7,1,10,12.9,129.0
Cottage Grove,"M Amundson, LLP",Marlboro Silver,02847722,17,3.8,1,10,12.64,126.0
Cottage Grove,Pepsi-Cola,Starry Zero 10pk 8oz can,012000222405,0,0.0,1,3,5.41,16.0
Cottage Grove,Pepsi-Cola,MTN Dew Diet 2L,01274600,3,1.6,1,8,2.58,21.0
Cottage Grove,Pepsi-Cola,Dr Pepper 20oz,078000082401,7,1.8,1,24,1.72,41.0
Cottage Grove,Pepsi-Cola,Starry Lemon Lime 10pk 8oz can,012000221460,1,2.1,1,3,6.17,19.0
Cottage Grove,Pepsi-Cola,Schweppes Diet Tonic 6pk 8oz,078000032635,2,2.1,1,4,3.82,15.0
Cottage Grove,Pepsi-Cola,Schweppes Club Soda Liter,078000203455,34,2.5,2,30,1.22,37.0
Cottage Grove,Pepsi-Cola,Starry Caffeine Free Lemon Lime 2L,012000221477,3,2.6,1,8,2.59,21.0
Cottage Grove,Pepsi-Cola,Schweppes Ginger Ale 2L,078000206463,3,2.6,1,8,2.64,21.0
Cottage Grove,Pepsi-Cola,Pepsi Diet 2L,012000171765,10,3.1,1,8,2.55,20.0
Cottage Grove,Pepsi-Cola,Schweppes Club Soda 6pk 8oz,078000032420,7,3.3,1,4,4.0,16.0
Cottage Grove,Pepsi-Cola,Gatorade Cool Blue 20oz,052000324815,13,3.7,1,24,1.77,42.0
Cottage Grove,Pepsi-Cola,MTN Dew 2L,012000002335,9,3.9,1,8,2.52,20.0
Cottage Grove,Phillips Wine & Spirits - St. Paul,Zing Zang Sweet & Sour 32oz,616003112161,-5,-2.4,2,12,3.67,44.0
Cottage Grove,Phillips Wine & Spirits - St. Paul,Zing Zang Bloody Mary 6pk 8oz can,616003737555,0,0.0,1,4,6.53,26.0
Cottage Grove,Phillips Wine & Spirits - St. Paul,Tres Agaves Strawberry Mix Liter,854125003220,0,0.0,1,12,5.69,68.0
Cottage Grove,Phillips Wine & Spirits - St. Paul,Filthy Olive Brine 8oz,899682002286,0,0.0,2,24,3.45,83.0
Cottage Grove,Phillips Wine & Spirits - St. Paul,Zing Zang Bloody Mary Mix 32oz,616003814225,8,3.8,1,12,3.67,44.0
Cottage Grove,"True Brands, Inc.",Neon Bomber Cups (20),842094182381,2,1.7,1,25,2.34,58.0
Cottage Grove,"Vinocopia, Inc",Gosling's Ginger Beer 12pk,721094199844,0,0.0,1,2,12.0,24.0
Cottage Grove,,Non-Refundable Transaction,NON-REFUNDABLE,-98,-420.0,1,1,0.0,0.0
Cottage Grove,,Second Harvest Heartland Donation,400000025780,-385,-4.3,360,360,0.0,0.0
Cottage Grove,,Wedding Delivery Fee,400000024608,0,0.0,1,1,0.0,0.0
Cottage Grove,,Tip Item,TIP,0,0.0,5,5,0.0,0.0
Cottage Grove,,MN Ice Small Bag,865839000252,36,0.7,158,158,1.25,197.0
Cottage Grove,,MN Ice Big Bag,865839000245,19,1.0,61,61,3.5,213.0
Cottage Grove,,Kodiak Wintergreen Long Cut,04229412,5,1.9,6,6,11.82,71.0
Cottage Grove,,Lift Bridge Mini Donut Cream Soda 4pk 16oz can,685165383153,1,2.1,1,1,3.48,3.0
Cottage Grove,,Marlboro Gold,02838423,54,2.4,38,38,12.64,480.0
Cottage Grove,,Grizzly Wintergreen Pouches,04254311,12,4.0,1,1,9.72,10.0
Minneapolis,Bellboy Corporation,Ocean Spray Orange Juice 32oz,031200007360,2,0.4,2,24,3.53,85.0
Minneapolis,Bellboy Corporation,The Royal Cherry 10oz,071943117131,3,1.6,1,6,3.48,21.0
Minneapolis,Bellboy Corporation,ReaLime 5oz,041409000062,25,1.6,2,48,0.99,48.0
Minneapolis,Bellboy Corporation,Roses Sweetened Lime Juice 12oz,01667135,6,2.0,2,12,3.73,45.0
Minneapolis,Bellboy Corporation,NHL Can Cooler,086867293168,1,2.1,1,1,3.5,4.0
Minneapolis,Bellboy Corporation,SBOC Pimento Stuffed 5oz,089156001130,2,2.1,1,6,3.6,22.0
Minneapolis,Bellboy Corporation,ReaLemon 5oz,014800582178,21,2.1,1,24,0.98,24.0
Minneapolis,Bellboy Corporation,ReaLime Lime Juice 8oz,014800582048,24,2.9,1,12,1.9,23.0
Minneapolis,Bellboy Corporation,Roses Grenadine 12oz,01667436,16,3.4,1,6,3.73,22.0
Minneapolis,"Breakthru Beverage Minnesota Wine & Spirits, LLC",Roses Sweetened Lime Liter,016600000739,3,1.4,1,12,6.13,74.0
Minneapolis,"Capitol Beverage Sales, L.P.",Mr Pure Pineapple Juice 32oz,072718100631,8,1.4,2,24,2.6,62.0
Minneapolis,"Capitol Beverage Sales, L.P.",Mr Pure Orange Juice 32oz,072718100037,16,1.6,3,36,2.82,101.0
Minneapolis,"Capitol Beverage Sales, L.P.",Polar Club Soda Liter,071537020045,23,1.8,3,36,0.73,26.0
Minneapolis,"Capitol Beverage Sales, L.P.",Polar Lemon Sour Liter,071537020069,12,2.9,1,12,0.72,9.0
Minneapolis,"Capitol Beverage Sales, L.P.",Mr Pure Cranberry Juice 32oz,072718100358,18,3.5,1,12,2.56,31.0
Minneapolis,"Chas A. Bernick, Inc.",Mr Pure Cranberry Juice 16oz,072718100709,19,2.2,2,24,1.11,27.0
Minneapolis,Great Lakes Coca-Cola Distribution,Minute Maid Fruit Punch 2L,025000053924,0,0.0,1,8,2.7,22.0
Minneapolis,Great Lakes Coca-Cola Distribution,Monster Absolutely Zero 16oz can,070847000037,0,0.0,1,24,2.04,49.0
Minneapolis,Great Lakes Coca-Cola Distribution,Sprite 2L,049000050158,30,0.9,13,104,3.21,334.0
Minneapolis,Great Lakes Coca-Cola Distribution,Coke Diet Lime 12pk 12oz can,049000056094,4,1.6,4,8,9.65,77.0
Minneapolis,Great Lakes Coca-Cola Distribution,Sprite Diet Zero 2L,049000050172,37,2.2,4,32,3.21,103.0
Minneapolis,Great Lakes Coca-Cola Distribution,Minute Maid Lemonade 2L,025000053818,68,2.3,7,56,3.21,180.0
Minneapolis,Great Lakes Coca-Cola Distribution,Monster Ultra Punk Punch 16oz can,070847899617,8,2.3,1,24,2.05,49.0
Minneapolis,Great Lakes Coca-Cola Distribution,Monster Zero Ultra 16oz can,070847012474,60,3.1,1,24,2.05,49.0
Minneapolis,Great Lakes Coca-Cola Distribution,Coke Cherry 2L,049000050165,18,3.2,1,8,3.19,26.0
Minneapolis,Great Lakes Coca-Cola Distribution,Sprite Diet Zero 12pk 12oz can,049000037111,7,3.3,1,2,9.65,19.0
Minneapolis,Great Lakes Coca-Cola Distribution,Fresca 2L,049000050288,51,3.8,1,8,3.21,26.0
Minneapolis,Great Lakes Coca-Cola Distribution,Monster Strawberry Lemonade 16oz can,070847900856,13,4.0,1,24,1.91,46.0
Minneapolis,Johnson Brothers - St. Paul,Master of Mixes Bloody Mary Liter,070491212251,1,1.4,1,12,0.0,0.0
Minneapolis,Johnson Brothers - St. Paul,Master of Mixes Simple Syrup 375ml,070491352070,14,2.0,2,24,2.67,64.0
Minneapolis,Johnson Brothers - St. Paul,Jose Cuervo Light Marg. Mix 1.75L,811538011181,5,3.1,1,6,6.17,37.0
Minneapolis,Johnson Brothers - St. Paul,Finest Call Sweet & Sour Liter,070491801950,14,3.5,1,12,4.0,48.0
Minneapolis,"M Amundson, LLP",Travel Corkscrew/Bottle opener,737053008,0,0.0,1,1,0.26,0.0
Minneapolis,"M Amundson, LLP",Loon Pouches Bad Bull 14mg 20pk,601956373172,0,0.0,1,5,6.0,30.0
Minneapolis,"M Amundson, LLP",Loon Pouches Artic Mango 14mg 20pk,601956373790,0,0.0,1,5,6.0,30.0
Minneapolis,"M Amundson, LLP",Loon Pouches Bad Bull 28mg 20pk,601956373356,0,0.0,2,10,6.0,60.0
Minneapolis,"M Amundson, LLP",Loon Strawberry 14mg,767461991574,0,0.0,1,5,6.0,30.0
Minneapolis,"M Amundson, LLP",Loon Cinnamon OG 14mg,767461991673,0,0.0,1,5,6.0,30.0
Minneapolis,"M Amundson, LLP",On Nicotine Pouch 8mg Original,855022005393,0,0.0,1,5,7.42,37.0
Minneapolis,"M Amundson, LLP",Loon Pouches Artic Mango 14mg 20pk,601956373820,0,0.0,2,10,6.0,60.0
Minneapolis,"M Amundson, LLP",Loon Green Apple 14mg,767460991611,0,0.0,2,10,6.0,60.0
Minneapolis,"M Amundson, LLP",Loon Pouch Arctic Lemon 7mg,767461991628,0,0.0,2,10,6.0,60.0
Minneapolis,"M Amundson, LLP",Loon Spearmint 7mg,767461992021,0,0.0,2,10,6.0,60.0
Minneapolis,"M Amundson, LLP",Syx Peppermint 6mg,850064816105,0,0.0,2,10,7.09,71.0
Minneapolis,"M Amundson, LLP",Loon Arctic Grape 7mg,767461991642,0,0.0,4,20,6.0,120.0
Minneapolis,"M Amundson, LLP",Velo Pouch 9mg Spearmint,840170618175,12,0.7,12,60,8.41,504.0
Minneapolis,"M Amundson, LLP",Velo Pouch 9mg Wintergreen,840170618052,18,0.7,17,85,8.41,715.0
Minneapolis,"M Amundson, LLP",Fre Pouch 12mg Lush,840158609287,2,1.0,2,10,8.0,80.0
Minneapolis,"M Amundson, LLP",Zyn Peppermint 6mg,609249901033,12,1.2,6,30,8.41,252.0
Minneapolis,"M Amundson, LLP",Zyn 6mg Cool Mint,609249900036,12,1.4,5,25,8.41,210.0
Minneapolis,"M Amundson, LLP",Velo Pouch 9mg Wild Berry,840170618472,22,1.4,8,40,8.41,336.0
Minneapolis,"M Amundson, LLP",Velo Wintergreen 6mg,840170618021,12,1.6,4,20,8.41,168.0
Minneapolis,"M Amundson, LLP",Syx Spearmint 20mg,850064816266,7,1.7,2,10,7.09,71.0
Minneapolis,"M Amundson, LLP",Velo Peppermint 9mg,840170618236,25,1.8,7,35,8.41,294.0
Minneapolis,"M Amundson, LLP",Marlboro 100s,02836328,15,1.8,2,20,12.61,252.0
Minneapolis,"M Amundson, LLP",Syx Wintergreen 20mg,850064816044,6,2.1,2,10,7.09,71.0
Minneapolis,"M Amundson, LLP",Zyn 3mg Cool Mint,609249900043,5,2.4,1,5,8.41,42.0
Minneapolis,"M Amundson, LLP",Zyn 3mg Wintergreen,609249903013,5,2.7,1,5,8.41,42.0
Minneapolis,"M Amundson, LLP",Velo Mint 6mg,840170618083,14,2.7,2,10,8.41,84.0
Minneapolis,"M Amundson, LLP",Syx Peppermint 12mg,850064816112,2,2.9,1,5,7.09,35.0
Minneapolis,"M Amundson, LLP",Zyn Pouch 6mg Spearmint,609249902023,11,2.9,1,5,8.41,42.0
Minneapolis,"M Amundson, LLP",Velo Pouch 9mg Mint,840170618113,37,3.2,2,10,8.41,84.0
Minneapolis,"M Amundson, LLP",Middletons Black & Mild Single,070137100188,40,3.2,1,25,1.85,46.0
Minneapolis,"M Amundson, LLP",Syx Icy Cola 12mg,850064816174,7,3.3,1,5,7.09,35.0
Minneapolis,Pepsi-Cola,Dole Strawberry Lemonade 2L,012000064531,0,0.0,1,8,2.45,20.0
Minneapolis,Pepsi-Cola,Dr. Pepper 2L,078000082463,1,0.3,2,16,2.61,42.0
Minneapolis,Pepsi-Cola,Starry Caffeine Free Lemon Lime 2L,012000221477,2,0.4,3,24,2.59,62.0
Minneapolis,Pepsi-Cola,Gatorlyte Glacier Freeze 20oz btl,052000054996,2,0.4,2,24,1.84,44.0
Minneapolis,Pepsi-Cola,MTN Dew Baja Blast 2L,012000240140,1,0.5,1,8,1.8,14.0
Minneapolis,Pepsi-Cola,MTN Dew Diet 2L,01274600,1,0.5,1,8,2.58,21.0
Minneapolis,Pepsi-Cola,Gatorade Gatorlyte Mixed Berry 20oz btl,052000050820,6,0.6,3,36,1.84,66.0
Minneapolis,Pepsi-Cola,Schweppes Ginger Ale 6pk 8oz,078000002133,4,1.2,3,12,4.19,50.0
Minneapolis,Pepsi-Cola,Gatorade Gatorlyte Cherry Lime 20oz,052000049008,12,1.7,2,24,1.84,44.0
Minneapolis,Pepsi-Cola,Dr. Pepper 12pk 12oz can,078000082166,2,2.1,1,2,9.54,19.0
Minneapolis,Pepsi-Cola,Alani Nu Cosmic Stardust 12oz can,810030510024,1,2.1,1,12,1.79,21.0
Minneapolis,Pepsi-Cola,Celsius Peach Vibe 12oz can,889392010190,5,2.1,1,12,1.75,21.0
Minneapolis,Pepsi-Cola,Gatorade Gatorlyte Watermelon 20oz,052000050622,24,3.0,1,12,1.84,22.0
Minneapolis,Pepsi-Cola,Pepsi 2L,012000002304,12,3.2,1,8,2.56,20.0
Minneapolis,Pepsi-Cola,Schweppes Club Soda Liter,078000203455,102,4.0,1,15,1.22,18.0
Minneapolis,Phillips Wine & Spirits - St. Paul,Zing Zang Bloody Mary Dill Pickles 32oz,616003616232,0,0.0,1,6,3.67,22.0
Minneapolis,Phillips Wine & Spirits - St. Paul,Zing Zang Bloody Mary Mix 32oz,616003814225,0,0.0,1,12,3.67,44.0
Minneapolis,Phillips Wine & Spirits - St. Paul,Gosling's Ginger Beer 6pk 12oz can,721094199707,4,1.1,3,12,4.22,51.0
Minneapolis,Phillips Wine & Spirits - St. Paul,Tres Agaves Strawberry Mix Liter,854125003220,5,1.8,1,12,5.69,68.0
Minneapolis,Phillips Wine & Spirits - St. Paul,Zing Zang Sweet & Sour 32oz,616003112161,5,2.1,1,6,3.67,22.0
Minneapolis,Phillips Wine & Spirits - St. Paul,Zing Zang Bloody Mary 1.75L,616003708777,6,2.1,1,6,3.4,20.0
Minneapolis,Phillips Wine & Spirits - St. Paul,Tres Agaves Margarita Mix Liter,854125003039,3,2.6,1,12,5.87,70.0
Minneapolis,Phillips Wine & Spirits - St. Paul,Gosling's Diet Ginger Beer 6pk 12oz can,721094199752,4,3.4,1,4,4.46,18.0
Minneapolis,Red Bull Distribution Company,Red Bull Energy Drink 4pk 8oz can,611269108026,0,0.0,1,6,7.31,44.0
Minneapolis,Red Bull Distribution Company,Red Bull Total Zero 8oz can,611269623727,0,0.0,1,24,1.75,42.0
Minneapolis,Red Bull Distribution Company,Red Bull Total Zero 12oz can,611269623734,4,1.3,1,24,2.39,57.0
Minneapolis,Red Bull Distribution Company,Red Bull Energy Drink 12oz can,611269818994,21,2.1,1,24,2.41,58.0
Minneapolis,Red Bull Distribution Company,Red Bull Energy Drink 8oz can,611269991000,15,2.3,1,24,1.88,45.0
Minneapolis,Red Bull Distribution Company,Red Bull Sugar Free 8oz can,611269101713,12,2.4,1,24,1.82,44.0
Minneapolis,Small Lot MN,Garden Variety Bloody Mary 1.75L,723651049081,1,1.1,1,6,10.0,60.0
Minneapolis,"True Brands, Inc.",20 Red Shot Glasses,842094150915,29,1.7,4,48,1.63,78.0
Minneapolis,"True Brands, Inc.","True Party: 5.5 oz Plastic Champagne Flute, set of 12",842094169368,1,2.1,1,12,3.83,46.0
Minneapolis,"True Brands, Inc.",2 oz plastic shot glasses,842094181766,19,2.3,2,24,4.18,100.0
Minneapolis,"True Brands, Inc.","16 oz Red Party Cups, 50 pack by True",842094171217,33,2.5,21,21,4.05,85.0
Minneapolis,"True Brands, Inc.",Shoot Ping Pong Balls,876718030413,22,2.5,2,24,2.23,54.0
Minneapolis,"True Brands, Inc.",Truetap: Double-Hinged Corkscrew in Red,842094171897,3,3.2,1,12,3.26,39.0
Minneapolis,"True Brands, Inc.","True Party: 2.5 oz Jello Shot Cups with Lids, set of 25",842094182374,19,3.7,1,18,2.93,53.0
Minneapolis,"True Brands, Inc.","16 oz Red Party Cups, 24 pack by True",876718030420,52,4.0,1,12,2.67,32.0
Minneapolis,"Vinocopia, Inc",Gosling's Ginger Beer 12pk,721094199844,0,0.0,1,2,12.0,24.0
Minneapolis,,Second Harvest Heartland Donation,400000025780,-216,-4.3,202,202,0.0,0.0
Minneapolis,,*NEW AMSTERDAM GLASSWARE,0795091,-5,-4.3,5,5,0.0,0.0
Minneapolis,,Tip Item,TIP,0,0.0,44,44,0.0,0.0
Minneapolis,,Bag Fee,400000024660,0,0.0,435,435,0.0,0.0
Minneapolis,,Black & Mild Wood Tip B1G1,070137122258,0,0.0,1,1,0.0,0.0
Minneapolis,,MN Ice Big Bag,865839000245,7,0.2,119,119,3.5,416.0
Minneapolis,,Fanta Orange 2 Ltr,049000050257,4,1.6,7,7,3.21,22.0
Minneapolis,,Fever Tree Blood Orange Ginger Beer 4pk 6.7oz btl,812136031816,1,2.1,1,1,3.79,4.0
Minneapolis,,Fresca 12pk 12oz can,049000031058,5,3.1,2,2,9.65,19.0
Minneapolis,,Coke Cherry 12pk 12oz can,049000031034,3,3.4,1,1,9.62,10.0
Minnetonka,Bellboy Corporation,SBOC Blue Cheese Stuffed 5oz,089156001369,0,0.0,1,6,4.27,26.0
Minnetonka,"Capitol Beverage Sales, L.P.",Polar Club Soda Liter,071537020045,2,2.9,1,12,0.73,9.0
Minnetonka,Great Lakes Coca-Cola Distribution,Coke Zero 2L,049000050141,0,0.0,1,8,3.21,26.0
Minnetonka,Great Lakes Coca-Cola Distribution,Monster Zero Ultra 16oz can,070847012474,1,0.9,1,24,2.05,49.0
Minnetonka,Great Lakes Coca-Cola Distribution,Monster Ultra Sunrise 12oz can,070847020905,4,1.7,1,24,2.05,49.0
Minnetonka,Great Lakes Coca-Cola Distribution,Coke 2L,049000050103,1,2.1,1,8,3.21,26.0
Minnetonka,Great Lakes Coca-Cola Distribution,Coke Diet 20oz,049000000450,6,2.6,1,24,2.07,50.0
Minnetonka,Pepsi-Cola,Pepsi Diet Original 20oz,012000171741,-1,-2.1,1,24,1.71,41.0
Minnetonka,Pepsi-Cola,Gatorade Gatorlyte Strawberry Kiwi 20oz,052000047912,0,0.0,1,12,1.84,22.0
Minnetonka,Pepsi-Cola,MTN Dew Diet 20oz btl,012000001345,0,0.0,1,24,1.71,41.0
Minnetonka,Pepsi-Cola,Dr Pepper 20oz,078000082401,6,2.3,1,24,1.72,41.0
Minnetonka,Pepsi-Cola,Schweppes Ginger Ale 6pk 8oz,078000002133,3,3.2,1,4,4.19,17.0
Minnetonka,Pepsi-Cola,Starry Lemon Lime Zero Sugar 20oz,012000221521,4,3.4,1,24,1.16,28.0
Minnetonka,Phillips Wine & Spirits - St. Paul,Filthy Olive Brine 8oz,899682002286,5,3.1,1,12,3.45,41.0
Minnetonka,Red Bull Distribution Company,Red Bull Energy Drink 16oz can,611269546019,0,0.0,1,12,3.14,38.0
Minnetonka,Red Bull Distribution Company,Red Bull Energy Drink 20oz can,611269133448,1,0.5,1,12,3.68,44.0
Minnetonka,Red Bull Distribution Company,Red Bull Energy Drink 12oz can,611269818994,10,3.9,1,24,2.41,58.0
Minnetonka,"True Brands, Inc.",Cactus Crystal Stemless Champagne Flutes,842094153183,0,0.0,1,4,13.74,55.0
Minnetonka,"Vinocopia, Inc",Gosling's Ginger Beer 12pk,721094199844,0,0.0,2,4,12.0,48.0
Minnetonka,,Second Harvest Heartland Donation,400000025780,-59,-4.3,56,56,0.0,0.0
Minnetonka,,Tip Item,TIP,0,0.0,3,3,0.0,0.0
Minnetonka,,Charm Social Tonic Lemon Ginger 12oz can,400000025568,0,0.0,1,1,2.42,2.0
Osseo,Bellboy Corporation,Mr & Mrs T Bloody Mary Liter,070655901304,0,0.0,1,6,4.58,27.0
Osseo,Bellboy Corporation,ReaLemon 5oz,014800582178,0,0.0,1,24,0.98,24.0
Osseo,Bellboy Corporation,Traverse City Cherries 21oz,859122005246,1,2.1,1,6,12.91,77.0
Osseo,"Breakthru Beverage Minnesota Wine & Spirits, LLC",Mr & Mrs T Bloody Mary 1.75L,070655910016,0,0.0,1,6,7.5,45.0
Osseo,Great Lakes Coca-Cola Distribution,Monster Absolutely Zero 16oz can,070847000037,0,0.0,1,24,2.04,49.0
Osseo,Great Lakes Coca-Cola Distribution,Mello Yello 20oz,049000016796,0,0.0,1,24,1.95,47.0
Osseo,Great Lakes Coca-Cola Distribution,Monster Zero Ultra 16oz can,070847012474,0,0.0,1,24,2.05,49.0
Osseo,Great Lakes Coca-Cola Distribution,Monster Ultra Sunrise 12oz can,070847020905,3,0.9,1,24,2.05,49.0
Osseo,Great Lakes Coca-Cola Distribution,Monster Ultra Violet 16oz can,070847027324,4,1.3,1,24,2.05,49.0
Osseo,Johnson Brothers - St. Paul,Jose Cuervo Light Marg. Mix 1.75L,811538011181,1,2.1,1,6,6.17,37.0
Osseo,"M Amundson, LLP",Marlboro Silver,02847722,0,0.0,1,10,12.64,126.0
Osseo,"M Amundson, LLP",Camel Menthol Crush Silver,01239439,1,0.2,2,20,13.07,261.0
Osseo,"M Amundson, LLP",Marlboro Silver 100s,02847829,2,0.8,1,10,12.62,126.0
Osseo,"M Amundson, LLP",Marlboro Menthol Gold,02840127,2,1.4,1,10,13.1,131.0
Osseo,"M Amundson, LLP",Marlboro Menthol,02836124,2,1.7,1,10,13.12,131.0
Osseo,"M Amundson, LLP",Camel Blue Box,01230739,13,1.7,2,20,13.01,260.0
Osseo,"M Amundson, LLP",American Spirit Ultra Light - Orange,047995855239,4,2.9,1,10,13.96,140.0
Osseo,Pepsi-Cola,Diet Dr Pepper 2L,078000083460,3,1.4,1,8,2.57,21.0
Osseo,Pepsi-Cola,Pepsi 2L,012000002304,7,2.5,1,8,2.56,20.0
Osseo,Pepsi-Cola,Schweppes Ginger Ale 2L,078000206463,3,2.6,1,8,2.64,21.0
Osseo,Pepsi-Cola,Starry Caffeine Free Lemon Lime 2L,012000221477,6,2.6,1,8,2.59,21.0
Osseo,Pepsi-Cola,Dr Pepper 20oz,078000082401,14,3.0,1,24,1.72,41.0
Osseo,Phillips Wine & Spirits - St. Paul,Zing Zang Bloody Mary 1.75L,616003708777,8,3.8,1,6,3.4,20.0
Osseo,"True Brands, Inc.",Rogue: 10 Oz Plastic Flask,876718022708,0,0.0,1,12,2.16,26.0
Osseo,,Second Harvest Heartland Donation,400000025780,-73,-4.3,69,69,0.0,0.0
Osseo,,Tip Item,TIP,0,0.0,2,2,0.0,0.0
Osseo,,MN Ice Shard,865839000276,0,0.0,1,1,5.55,6.0
Osseo,,MN Ice Sphere,865839000283,0,0.0,2,2,6.21,12.0
Osseo,,Kodiak Wintergreen Long Cut,04229412,0,0.0,19,19,11.82,225.0
Osseo,,Marlboro Menthol 100s,02836425,1,0.7,5,5,12.9,64.0
Osseo,,Marlboro Gold,02838423,12,1.0,35,35,12.64,442.0
Osseo,,American Spirits Full Flavor Blue,047995855086,2,2.1,2,2,14.14,28.0
Osseo,,MN Ice Small Bag,865839000252,57,2.4,39,39,1.25,49.0
Osseo,,American Spirit Yellow,047995855093,4,2.9,2,2,14.18,28.0
Plymouth,Bellboy Corporation,SBOC Jalapeno Olives 5oz,089156801112,0,0.0,1,6,3.75,22.0
Plymouth,Bellboy Corporation,SBOC Garlic Olives 5oz,089156801280,0,0.0,1,6,4.27,26.0
Plymouth,Bellboy Corporation,Traverse City Cherries 21oz,859122005246,1,1.4,1,6,12.91,77.0
Plymouth,Bellboy Corporation,Luxardo Maraschino Cherries 12oz,187229127289,4,2.4,1,12,14.44,173.0
Plymouth,"Capitol Beverage Sales, L.P.",Mr Pure Pineapple Juice 32oz,072718100631,6,2.3,1,12,2.6,31.0
Plymouth,Great Lakes Coca-Cola Distribution,Sprite Diet Zero 2L,049000050172,3,1.1,2,16,3.21,51.0
Plymouth,Great Lakes Coca-Cola Distribution,Coke Diet 2L,049000050110,5,1.3,2,16,3.21,51.0
Plymouth,Great Lakes Coca-Cola Distribution,Coke Diet 12pk 12oz can,049000028911,5,1.9,3,6,9.65,58.0
Plymouth,Great Lakes Coca-Cola Distribution,Minute Maid Cranberry Grape 12oz btl,025000052002,1,2.1,1,24,1.64,39.0
Plymouth,Johnson Brothers - St. Paul,Jose Cuervo Light Marg. Mix 1.75L,811538011181,2,2.9,1,6,6.17,37.0
Plymouth,Johnson Brothers - St. Paul,Master of Mixes Simple Syrup 375ml,070491352070,7,3.8,1,12,2.67,32.0
Plymouth,"M Amundson, LLP",Camel Blue Box,01230739,1,0.5,1,10,13.01,130.0
Plymouth,Pepsi-Cola,Celsius Artic Vibe 12oz can,889392021417,0,0.0,1,12,1.78,21.0
Plymouth,Pepsi-Cola,Starry Caffeine Free Lemon Lime 2L,012000221477,3,1.6,1,8,2.59,21.0
Plymouth,Pepsi-Cola,Gatorlyte Lemon Lime 20oz,052000052862,6,2.0,1,12,1.84,22.0
Plymouth,Pepsi-Cola,Schweppes Diet Tonic 6pk 8oz,078000032635,3,2.1,1,4,3.82,15.0
Plymouth,Phillips Wine & Spirits - St. Paul,Zing Zang Bloody Mary 6pk 8oz can,616003737555,0,0.0,1,4,6.53,26.0
Plymouth,Phillips Wine & Spirits - St. Paul,Filthy Olive Brine 8oz,899682002286,1,0.5,1,12,3.45,41.0
Plymouth,Phillips Wine & Spirits - St. Paul,Gosling's Ginger Beer 6pk 12oz can,721094199707,1,0.7,2,8,4.22,34.0
Plymouth,Red Bull Distribution Company,Red Bull Energy Drink 20oz can,611269133448,0,0.0,1,12,3.68,44.0
Plymouth,Red Bull Distribution Company,Red Bull Energy Drink 12oz can,611269818994,13,2.8,1,24,2.41,58.0
Plymouth,Southern Glazer's Wine & Spirits of MN,Angostura Orange Bitters 4oz,075496331143,4,2.9,1,12,9.0,108.0
Plymouth,"True Brands, Inc.",Bubbles Single Bottle Bag,842094171057,1,1.4,1,10,1.32,13.0
Plymouth,"True Brands, Inc.",Birthday Cake Wine Gift Bag by Cakewalk,876718027857,1,2.1,1,10,0.97,10.0
Plymouth,"Vinocopia, Inc",Gosling's Ginger Beer 12pk,721094199844,0,0.0,1,2,12.0,24.0
Plymouth,,Second Harvest Heartland Donation,400000025780,-26,-4.3,25,25,0.0,0.0
Plymouth,,MN Ice Shard,865839000276,-1,-0.9,5,5,5.55,28.0
Plymouth,,Tip Item,TIP,0,0.0,15,15,0.0,0.0
Plymouth,,Charm Social Tonic Lemon Ginger 12oz can,400000025568,0,0.0,1,1,2.42,2.0
Plymouth,,MN Ice Sphere,865839000283,1,1.1,3,3,6.21,19.0
Plymouth,,Fresh Limes,FRESHLIME,1,2.1,1,1,0.21,0.0
Plymouth,,MN Ice Small Bag,865839000252,51,3.0,18,18,1.25,22.0
Ramsey,Bellboy Corporation,SBOC Pimento Martini Olives 10oz,089156001123,0,0.0,1,6,5.21,31.0
Ramsey,Bellboy Corporation,SBOC Blue Cheese Stuffed 5oz,089156001369,1,1.4,1,6,4.27,26.0
Ramsey,"Capitol Beverage Sales, L.P.",Mr Pure Orange Juice 32oz,072718100037,0,0.0,1,12,2.82,34.0
Ramsey,"Capitol Beverage Sales, L.P.",Polar Club Soda Liter,071537020045,0,0.0,2,24,0.73,17.0
Ramsey,"Capitol Beverage Sales, L.P.",Polar Diet Tonic Water Liter,071537020694,4,2.1,1,12,0.77,9.0
Ramsey,"Capitol Beverage Sales, L.P.",Polar Tonic Water Liter,071537020120,5,3.1,1,12,0.76,9.0
Ramsey,"Chas A. Bernick, Inc.",Mr Pure Cranberry Juice 64oz,072718101546,2,2.1,1,6,2.93,18.0
Ramsey,Great Lakes Coca-Cola Distribution,Coke 12pk 12oz can,049000028904,0,0.0,3,6,9.65,58.0
Ramsey,Great Lakes Coca-Cola Distribution,Coke Diet 2L,049000050110,0,0.0,1,8,3.21,26.0
Ramsey,Great Lakes Coca-Cola Distribution,Sprite 2L,049000050158,0,0.0,2,16,3.21,51.0
Ramsey,Great Lakes Coca-Cola Distribution,Sprite Diet Zero 2L,049000050172,1,0.5,1,8,3.21,26.0
Ramsey,Great Lakes Coca-Cola Distribution,Coke 2L,049000050103,2,0.8,2,16,3.21,51.0
Ramsey,Great Lakes Coca-Cola Distribution,Fresca 2L,049000050288,1,1.1,1,8,3.21,26.0
Ramsey,Great Lakes Coca-Cola Distribution,Sprite 12pk 12oz can,049000028928,1,1.4,1,2,9.65,19.0
Ramsey,Great Lakes Coca-Cola Distribution,Sprite 20oz,04976400,5,1.5,1,24,2.09,50.0
Ramsey,Great Lakes Coca-Cola Distribution,Coke 20oz,04904403,8,2.1,1,24,2.08,50.0
Ramsey,Great Lakes Coca-Cola Distribution,Fresca 20oz,049000018066,9,2.8,1,24,2.07,50.0
Ramsey,Great Lakes Coca-Cola Distribution,Coke Zero 2L,049000050141,6,3.7,1,8,3.21,26.0
Ramsey,Johnson Brothers - St. Paul,Jose Cuervo Light Marg. Mix 1.75L,811538011181,0,0.0,1,6,6.17,37.0
Ramsey,Johnson Brothers - St. Paul,Master of Mixes Marg Mix Liter,070491212725,0,0.0,1,12,0.9,11.0
Ramsey,"M Amundson, LLP",Marlboro Gold Pack 100s,02846529,0,0.0,1,10,12.63,126.0
Ramsey,"M Amundson, LLP",Marlboro 100s,02836328,0,0.0,1,10,12.61,126.0
Ramsey,"M Amundson, LLP",Marlboro Silver 100s,02847829,4,2.1,1,10,12.62,126.0
Ramsey,Pepsi-Cola,Gatorade Gatorlyte Cherry Lime 20oz,052000049008,0,0.0,1,12,1.84,22.0
Ramsey,Pepsi-Cola,Pepsi Wild Cherry 20oz,01255906,5,2.7,1,24,1.71,41.0
Ramsey,Pepsi-Cola,Celsius Cosmic Vibe Sparkling Fruit Punch 12oz can,889392001204,2,2.9,1,12,0.0,0.0
Ramsey,Phillips Wine & Spirits - St. Paul,Cock n Bull Ginger Beer 4pk 12oz btl,072924012131,0,0.0,1,6,4.49,27.0
Ramsey,Phillips Wine & Spirits - St. Paul,Zing Zang Bloody Mary 1.75L,616003708777,5,3.1,1,6,3.4,20.0
Ramsey,Red Bull Distribution Company,Red Bull Energy Drink 8oz can,611269991000,-1,-1.1,1,24,1.88,45.0
Ramsey,Red Bull Distribution Company,Red Bull Energy Drink 4pk 8oz can,611269108026,2,2.9,1,6,7.31,44.0
Ramsey,"Vinocopia, Inc",Gosling's Ginger Beer 12pk,721094199844,0,0.0,1,2,12.0,24.0
Ramsey,,Second Harvest Heartland Donation,400000025780,-63,-4.3,59,59,0.0,0.0
Ramsey,,Tip Item,TIP,0,0.0,11,11,0.0,0.0
Ramsey,,Fresca 12pk 12oz can,049000031058,0,0.0,1,1,9.65,10.0
Ramsey,,American Spirit Yellow,047995855093,0,0.0,3,3,14.18,43.0
Ramsey,,MN Ice Small Bag,865839000252,25,1.5,41,41,1.25,51.0
Ramsey,,Wine Glass - Paris Well Crazy Relatives,633538004662,1,2.1,1,1,1.0,1.0
Rosemount,Bellboy Corporation,SBOC Garlic Stuffed Olives 10oz,089156001284,-1,-2.1,1,6,5.6,34.0
Rosemount,Bellboy Corporation,SBOC Pimento Martini Olives 10oz,089156001123,0,0.0,1,6,5.21,31.0
Rosemount,Bellboy Corporation,SBOC Jalapeno Olives 5oz,089156801112,0,0.0,1,6,3.75,22.0
Rosemount,Bellboy Corporation,Traverse City Cherries 21oz,859122005246,0,0.0,1,6,12.91,77.0
Rosemount,Bellboy Corporation,Roses Grenadine 12oz,01667436,0,0.0,1,6,3.73,22.0
Rosemount,Bellboy Corporation,Dole Pineapple Juice 46oz,038900008086,0,0.0,1,12,4.5,54.0
Rosemount,Bellboy Corporation,Luxardo Maraschino Cherries 12oz,187229127289,3,1.6,1,12,14.44,173.0
Rosemount,Bellboy Corporation,ReaLemon 5oz,014800582178,3,1.8,1,24,0.98,24.0
Rosemount,"Breakthru Beverage Minnesota Beer, LLC",Fever Tree Ginger Ale 8pk 5oz can,812136030208,0,0.0,1,3,5.69,17.0
Rosemount,"Capitol Beverage Sales, L.P.",Polar Club Soda Liter,071537020045,6,1.4,1,12,0.73,9.0
Rosemount,Charm LLC,Charm Social Tonic Lemon Ginger 4pk 12oz can,400000025575,0,0.6,1,6,9.67,58.0
Rosemount,Great Lakes Coca-Cola Distribution,Coke Diet 12pk 12oz can,049000028911,3,1.8,2,4,9.65,39.0
Rosemount,Great Lakes Coca-Cola Distribution,Minute Maid Lemonade 2L,025000053818,7,1.8,2,16,3.21,51.0
Rosemount,Great Lakes Coca-Cola Distribution,Minute Maid Lemonade 20oz,025000058011,11,3.1,1,24,2.08,50.0
Rosemount,Great Lakes Coca-Cola Distribution,Sprite Diet Zero 12pk 12oz can,049000037111,5,3.6,1,2,9.65,19.0
Rosemount,Johnson Brothers - St. Paul,Master of Mixes Simple Syrup 375ml,070491352070,5,1.9,1,12,2.67,32.0
Rosemount,Johnson Brothers - St. Paul,Jose Cuervo Margarita Mix 1.75L,811538011150,2,2.9,1,6,5.73,34.0
Rosemount,"M Amundson, LLP",Marlboro,02835727,0,0.0,1,10,12.65,127.0
Rosemount,Pepsi-Cola,Gatorade Gatorlyte Strawberry Kiwi 20oz,052000047912,0,0.0,1,12,1.84,22.0
Rosemount,Pepsi-Cola,Dr. Pepper 2L,078000082463,2,1.2,1,8,2.61,21.0
Rosemount,Pepsi-Cola,Dr. Pepper 12pk 12oz can,078000082166,1,1.4,1,2,9.54,19.0
Rosemount,Pepsi-Cola,Pepsi Diet 2L,012000171765,2,1.7,1,8,2.55,20.0
Rosemount,Pepsi-Cola,Gatorlyte Glacier Freeze 20oz btl,052000054996,7,1.8,1,12,1.84,22.0
Rosemount,Pepsi-Cola,Schweppes Diet Tonic 6pk 8oz,078000032635,2,2.1,1,4,3.82,15.0
Rosemount,Pepsi-Cola,Starry Caffeine Free Lemon Lime 20oz,012000221514,4,3.4,1,24,1.39,33.0
Rosemount,Pepsi-Cola,Schweppes Diet Tonic Liter,078000219456,47,3.5,1,15,1.19,18.0
Rosemount,Phillips Wine & Spirits - St. Paul,Gosling's Ginger Beer 6pk 12oz can,721094199707,0,0.0,2,8,4.22,34.0
Rosemount,Phillips Wine & Spirits - St. Paul,Watkins Orange Bitters 4oz,813724025057,0,0.0,1,12,6.29,75.0
Rosemount,Phillips Wine & Spirits - St. Paul,Gosling's Diet Ginger Beer 6pk 12oz can,721094199752,2,1.4,1,4,4.46,18.0
Rosemount,Phillips Wine & Spirits - St. Paul,Filthy Olive Brine 8oz,899682002286,4,1.9,1,12,3.45,41.0
Rosemount,Phillips Wine & Spirits - St. Paul,Zing Zang Margarita Mix 1.75L,616003615167,2,2.9,1,6,6.69,40.0
Rosemount,Red Bull Distribution Company,Red Bull Sugar Free 16oz can,611269546026,0,0.0,1,12,3.09,37.0
Rosemount,Red Bull Distribution Company,Red Bull Sugar Free 8oz can,611269101713,8,2.6,1,24,1.82,44.0
Rosemount,Red Bull Distribution Company,Red Bull Sugar Free 12oz can,611269716467,6,3.7,1,24,2.33,56.0
Rosemount,"True Brands, Inc.",Bailey's Liqueur Chocolate Tube,756774024895,0,0.0,1,6,7.42,45.0
Rosemount,"Vinocopia, Inc",Gosling's Ginger Beer 12pk,721094199844,0,0.0,1,2,12.0,24.0
Rosemount,,Non-Refundable Transaction,NON-REFUNDABLE,-59,-252.9,1,1,0.0,0.0
Rosemount,,Second Harvest Heartland Donation,400000025780,-17,-4.3,16,16,0.0,0.0
Rosemount,,Tip Item,TIP,0,0.0,14,14,0.0,0.0
Rosemount,,Charm Social Tonic Lemon Ginger 12oz can,400000025568,0,0.0,1,1,2.42,2.0
Rosemount,,MN Ice Cylinder,865839000221,0,0.0,4,4,5.49,22.0
Rosemount,,MN Ice Shard,865839000276,0,0.0,9,9,5.55,50.0
Rosemount,,MN Ice Rock,865839000238,5,1.5,9,9,5.49,49.0
Rosemount,,MN Ice Big Bag,865839000245,43,3.6,5,5,3.5,17.0
Roseville,Bellboy Corporation,Roses Grenadine 12oz,01667436,0,0.0,1,6,3.73,22.0
Roseville,Bellboy Corporation,The Royal Cherry 10oz,071943117131,0,0.0,1,6,3.48,21.0
Roseville,Bellboy Corporation,Fee Brothers Orange Bitters 5oz,791863140513,0,0.0,1,12,8.44,101.0
Roseville,Bellboy Corporation,ReaLemon 5oz,014800582178,0,0.0,1,24,0.98,24.0
Roseville,Bellboy Corporation,Clamato Tomato Cocktail 64oz,014800516470,1,0.7,1,8,6.0,48.0
Roseville,Bellboy Corporation,Luxardo Maraschino Cherries 12oz,187229127289,4,1.9,1,12,14.44,173.0
Roseville,"Capitol Beverage Sales, L.P.",Mr Pure Apple Cranberry 32oz,072718101898,10,3.6,1,12,2.5,30.0
Roseville,Great Lakes Coca-Cola Distribution,Coke Zero 2L,049000050141,0,0.0,1,8,3.21,26.0
Roseville,Great Lakes Coca-Cola Distribution,Dasani 20oz,04997704,0,0.0,1,24,1.31,31.0
Roseville,Great Lakes Coca-Cola Distribution,Fresca 20oz,049000018066,2,0.7,1,24,2.07,50.0
Roseville,Great Lakes Coca-Cola Distribution,Sprite 2L,049000050158,7,1.4,2,16,3.21,51.0
Roseville,Great Lakes Coca-Cola Distribution,Fresca 2L,049000050288,6,1.5,2,16,3.21,51.0
Roseville,Great Lakes Coca-Cola Distribution,Sprite Diet Zero 2L,049000050172,5,1.6,1,8,3.21,26.0
Roseville,Great Lakes Coca-Cola Distribution,Minute Maid Lemonade 2L,025000053818,5,1.9,1,8,3.21,26.0
Roseville,Great Lakes Coca-Cola Distribution,Coke Diet 2L,049000050110,7,2.7,1,8,3.21,26.0
Roseville,Johnson Brothers - St. Paul,Jose Cuervo Strawberry Margarita Mix 1.75L,811538011143,0,0.0,1,6,3.7,22.0
Roseville,Johnson Brothers - St. Paul,Jose Cuervo Light Marg. Mix 1.75L,811538011181,0,0.0,1,6,6.17,37.0
Roseville,Johnson Brothers - St. Paul,Jose Cuervo Margarita Mix 1.75L,811538011150,0,0.0,1,6,5.73,34.0
Roseville,Johnson Brothers - St. Paul,Master of Mixes Simple Syrup 375ml,070491352070,8,3.8,1,12,2.67,32.0
Roseville,Joseph Zimmerley,Bootleg Cocktail Mix,860000597500,4,1.9,5,5,17.25,86.0
Roseville,"M Amundson, LLP",Marlboro Silver 100s,02847829,17,2.5,2,20,12.62,252.0
Roseville,Pepsi-Cola,Gatorade Lemon Lime 20oz,052000328684,0,0.0,1,24,1.71,41.0
Roseville,Pepsi-Cola,Schweppes Tonic 6pk 8oz can,078000032413,1,0.4,3,12,3.7,44.0
Roseville,Pepsi-Cola,Mtn Dew Baja Cabo Citrus 20oz can,012000240751,3,1.3,1,24,1.71,41.0
Roseville,Pepsi-Cola,Dr. Pepper 2L,078000082463,2,2.9,1,8,2.61,21.0
Roseville,Pepsi-Cola,MTN Dew Diet 20oz btl,012000001345,8,3.8,1,24,1.71,41.0
Roseville,Phillips Wine & Spirits - St. Paul,Zing Zang Bloody Mary 6pk 8oz can,616003737555,0,0.0,1,4,6.53,26.0
Roseville,Phillips Wine & Spirits - St. Paul,Tres Agaves Margarita Mix Liter,854125003039,3,1.0,1,12,5.87,70.0
Roseville,Phillips Wine & Spirits - St. Paul,Gosling's Ginger Beer 6pk 12oz can,721094199707,3,1.6,2,8,4.22,34.0
Roseville,Phillips Wine & Spirits - St. Paul,Zing Zang Bloody Mary 1.75L,616003708777,11,3.4,1,6,3.4,20.0
Roseville,Red Bull Distribution Company,Red Bull Yellow Edition 12oz can,611269113570,0,0.0,1,24,2.3,55.0
Roseville,Red Bull Distribution Company,Red Bull Yellow Edition 8oz can,611269163452,4,1.4,1,24,1.77,43.0
Roseville,Red Bull Distribution Company,Red Bull Sugar Free 8oz can,611269101713,5,2.1,1,24,1.82,44.0
Roseville,"True Brands, Inc.",Fizz: Chrome Champagne Stopper,876718005329,0,0.0,1,12,2.62,31.0
Roseville,"True Brands, Inc.",Bamboo: Appetizer Picks,876718006395,0,0.0,1,12,1.23,15.0
Roseville,"True Brands, Inc.",Truetap: Double-Hinged Waiters Corkscrew,876718022258,2,1.4,1,12,1.83,22.0
Roseville,,Second Harvest Heartland Donation,400000025780,-18,-4.3,17,17,0.0,0.0
Roseville,,MN Ice Rock,865839000238,-1,-0.6,7,7,5.49,38.0
Roseville,,Tip Item,TIP,0,0.0,17,17,0.0,0.0
Roseville,,Marlboro Gold,02838423,10,1.6,16,16,12.64,202.0
Roseville,,American Spirit Yellow,047995855093,12,2.1,12,12,14.18,170.0
Roseville,,MN Ice Big Bag,865839000245,36,2.8,16,16,3.5,56.0
St. Louis Park,Am Craft Spirits,"Jack Rudy Cherries, Bourbon 14oz",859975003598,2,2.1,1,6,11.96,72.0
St. Louis Park,Bellboy Corporation,Roses Sweetened Lime Juice 12oz,01667135,0,0.0,2,12,3.73,45.0
St. Louis Park,Bellboy Corporation,The Royal Cherry 10oz,071943117131,1,0.9,1,6,3.48,21.0
St. Louis Park,Bellboy Corporation,Ocean Spray Cranberry Juice,031200200006,4,0.9,2,24,2.99,72.0
St. Louis Park,Bellboy Corporation,Luxardo Maraschino Cherries 12oz,187229127289,6,1.4,1,12,14.44,173.0
St. Louis Park,Bellboy Corporation,ReaLime 5oz,041409000062,16,2.3,1,24,0.99,24.0
St. Louis Park,Bellboy Corporation,Ocean Spray Orange Juice 32oz,031200007360,6,2.6,1,12,3.53,42.0
St. Louis Park,Bellboy Corporation,SBOC Blue Cheese Stuffed 5oz,089156001369,2,2.9,1,6,4.27,26.0
St. Louis Park,Bellboy Corporation,Spooky Dill Pickle Bloody Mix 32oz,859579004434,2,2.9,1,12,4.48,54.0
St. Louis Park,"Breakthru Beverage Minnesota Beer, LLC",Fever Tree Ginger Ale 8pk 5oz can,812136030208,1,1.4,1,3,5.69,17.0
St. Louis Park,"Breakthru Beverage Minnesota Wine & Spirits, LLC",Mr & Mrs T Bloody Mary 1.75L,070655910016,0,0.0,1,6,7.5,45.0
St. Louis Park,"Breakthru Beverage Minnesota Wine & Spirits, LLC",Mr & Mrs T Bold & Spicy 1.75L,070655910030,2,1.7,1,6,7.5,45.0
St. Louis Park,"Capitol Beverage Sales, L.P.",Polar Club Soda Liter,071537020045,8,1.1,2,24,0.73,17.0
St. Louis Park,"Capitol Beverage Sales, L.P.",Polar Diet Tonic Water w/Lime Liter,071537020670,9,3.2,1,12,0.7,8.0
St. Louis Park,"Capitol Beverage Sales, L.P.",Polar Lemon Sour Liter,071537020069,13,3.7,1,12,0.72,9.0
St. Louis Park,Great Lakes Coca-Cola Distribution,Minute Maid Lemonade 2L,025000053818,0,0.0,1,8,3.21,26.0
St. Louis Park,Great Lakes Coca-Cola Distribution,Coke Diet 12pk 12oz can,049000028911,2,0.6,6,12,9.65,116.0
St. Louis Park,Great Lakes Coca-Cola Distribution,Fresca 2L,049000050288,3,1.4,1,8,3.21,26.0
St. Louis Park,Great Lakes Coca-Cola Distribution,Sprite 2L,049000050158,7,1.8,2,16,3.21,51.0
St. Louis Park,Great Lakes Coca-Cola Distribution,Sprite 12pk 12oz can,049000028928,3,2.1,2,4,9.65,39.0
St. Louis Park,Great Lakes Coca-Cola Distribution,Sprite Diet Zero 2L,049000050172,5,3.1,1,8,3.21,26.0
St. Louis Park,Great Lakes Coca-Cola Distribution,Coke Diet 2L,049000050110,15,3.6,1,8,3.21,26.0
St. Louis Park,Great Lakes Coca-Cola Distribution,Coke Diet 20oz,049000000450,27,3.9,1,24,2.07,50.0
St. Louis Park,Johnson Brothers - St. Paul,Jose Cuervo Margarita Mix 1.75L,811538011150,0,0.0,1,6,5.73,34.0
St. Louis Park,Johnson Brothers - St. Paul,Master of Mixes Simple Syrup 375ml,070491352070,9,3.9,1,12,2.67,32.0
St. Louis Park,"M Amundson, LLP",Camel Menthol Crush Silver,01239439,2,1.4,1,10,13.07,131.0
St. Louis Park,"M Amundson, LLP",Marlboro,02835727,9,2.8,1,10,12.65,127.0
St. Louis Park,"M Amundson, LLP",Marlboro Silver,02847722,14,3.5,1,10,12.64,126.0
St. Louis Park,Pepsi-Cola,Celsius Peach Vibe 12oz can,889392010190,-1,-0.6,1,12,1.75,21.0
St. Louis Park,Pepsi-Cola,Dr Pepper 20oz,078000082401,0,0.0,1,24,1.72,41.0
St. Louis Park,Pepsi-Cola,Celsius Kiwi Guava 12oz can,889392010145,1,0.6,1,12,1.76,21.0
St. Louis Park,Pepsi-Cola,Dr. Pepper 2L,078000082463,2,1.2,1,8,2.61,21.0
St. Louis Park,Pepsi-Cola,Celsius Watermelon 12oz can,889392003628,5,1.2,1,12,1.77,21.0
St. Louis Park,Pepsi-Cola,Gatorlyte Glacier Freeze 20oz btl,052000054996,9,2.6,1,12,1.84,22.0
St. Louis Park,Phillips Wine & Spirits - St. Paul,Gosling's Diet Ginger Beer 6pk 12oz can,721094199752,0,0.0,2,8,4.46,36.0
St. Louis Park,Phillips Wine & Spirits - St. Paul,Zing Zang Bloody Mary Dill Pickles 32oz,616003616232,0,0.0,1,6,3.67,22.0
St. Louis Park,Phillips Wine & Spirits - St. Paul,Cock n Bull Ginger Beer 4pk 12oz btl,072924012131,0,0.0,1,6,4.49,27.0
St. Louis Park,Phillips Wine & Spirits - St. Paul,Watkins Aromatic Bitters 4oz,813724025040,0,0.0,1,12,4.67,56.0
St. Louis Park,Phillips Wine & Spirits - St. Paul,Tres Agaves Margarita Mix Liter,854125003039,1,0.2,2,24,5.87,141.0
St. Louis Park,Phillips Wine & Spirits - St. Paul,Filthy Olive Brine 8oz,899682002286,10,2.4,1,12,3.45,41.0
St. Louis Park,Phillips Wine & Spirits - St. Paul,Zing Zang Bloody Mary Mix 32oz,616003814225,4,2.9,1,12,3.67,44.0
St. Louis Park,Phillips Wine & Spirits - St. Paul,Tres Agaves Spicy Margarita Mix Liter,196383008648,5,3.6,1,12,5.87,70.0
St. Louis Park,Red Bull Distribution Company,Red Bull Sugar Free 8oz can,611269101713,0,0.0,2,48,1.82,88.0
St. Louis Park,Red Bull Distribution Company,Red Bull Energy Drink 8oz can,611269991000,3,0.9,1,24,1.88,45.0
St. Louis Park,Red Bull Distribution Company,Red Bull Energy Drink 12oz can,611269818994,25,2.6,1,24,2.41,58.0
St. Louis Park,Red Bull Distribution Company,Red Bull Sugar Free 12oz can,611269716467,13,3.1,1,24,2.33,56.0
St. Louis Park,Southern Glazer's Wine & Spirits of MN,Angostura Aromatic Bitters 6.7oz,075496002005,0,0.0,1,12,14.17,170.0
St. Louis Park,"True Brands, Inc.",No-Mess Glitter Bow Assorted Wine Bag by Cakewalk,842094109456,9,3.0,1,20,1.91,38.0
St. Louis Park,,Non-Refundable Transaction,NON-REFUNDABLE,-227,-324.3,3,3,0.0,0.0
St. Louis Park,,Second Harvest Heartland Donation,400000025780,-371,-4.3,347,347,0.0,0.0
St. Louis Park,,MN Ice Big Bag,865839000245,-3,-0.2,61,61,3.5,213.0
St. Louis Park,,Tip Item,TIP,0,0.0,27,27,0.0,0.0
St. Louis Park,,*NEW AMSTERDAM GLASSWARE,0795091,0,0.0,2,2,0.0,0.0
St. Louis Park,,MN Ice Cylinder,865839000221,0,0.0,2,2,5.49,11.0
St. Louis Park,,MN Ice Sphere,865839000283,0,0.0,4,4,6.21,25.0
St. Louis Park,,MN Ice Small Bag,865839000252,34,0.8,148,148,1.25,185.0
St. Louis Park,,MN Ice Shard,865839000276,2,1.1,6,6,5.55,33.0
St. Louis Park,,MN Ice Rock,865839000238,2,1.2,5,5,5.49,27.0
St. Louis Park,,Camel Crush Blue,012300197410,7,2.1,7,7,13.01,91.0
Stillwater,Bellboy Corporation,SBOC Dirty Martini Mix 375ml,089156001314,0,0.0,1,12,3.1,37.0
Stillwater,Bellboy Corporation,ReaLemon 5oz,014800582178,0,0.0,1,24,0.98,24.0
Stillwater,"Capitol Beverage Sales, L.P.",Mr Pure Lime 32oz,072718100556,0,0.0,1,12,2.58,31.0
Stillwater,"Capitol Beverage Sales, L.P.",Polar Club Soda Liter,071537020045,0,0.0,3,36,0.73,26.0
Stillwater,Great Lakes Coca-Cola Distribution,Monster Zero Ultra 16oz can,070847012474,1,0.6,1,24,2.05,49.0
Stillwater,"M Amundson, LLP",Marlboro Silver,02847722,0,0.0,1,10,12.64,126.0
Stillwater,"M Amundson, LLP",Marlboro,02835727,5,2.7,1,10,12.65,127.0
Stillwater,Pepsi-Cola,Schweppes Ginger Ale 6pk 8oz,078000002133,0,0.0,1,4,4.19,17.0
Stillwater,Pepsi-Cola,Gatorade Gatorlyte Cherry Lime 20oz,052000049008,0,0.0,1,12,1.84,22.0
Stillwater,Pepsi-Cola,Gatorade Galcier Freeze 28oz,052000135190,0,0.0,1,15,0.41,6.0
Stillwater,Pepsi-Cola,Dr. Pepper Zero 12pk 12oz can,078000035261,1,1.4,1,2,9.88,20.0
Stillwater,Phillips Wine & Spirits - St. Paul,Filthy Black Cherry Syrup 8oz,899682002316,0,0.0,1,12,5.73,69.0
Stillwater,Phillips Wine & Spirits - St. Paul,Zing Zang Bloody Mary Mix 32oz,616003814225,3,2.1,1,12,3.67,44.0
Stillwater,Phillips Wine & Spirits - St. Paul,Zing Zang Bloody Mary 1.75L,616003708777,4,2.4,1,6,3.4,20.0
Stillwater,Red Bull Distribution Company,Red Bull Energy Drink 4pk 8oz can,611269108026,0,0.0,1,6,7.31,44.0
Stillwater,Red Bull Distribution Company,Red Bull Energy Drink 8oz can,611269991000,3,0.8,1,24,1.88,45.0
Stillwater,,Second Harvest Heartland Donation,400000025780,-20,-4.3,19,19,0.0,0.0
Stillwater,,Tip Item,TIP,0,0.0,3,3,0.0,0.0
Stillwater,,Charm Social Tonic Lemon Ginger 12oz can,400000025568,0,0.0,1,1,2.42,2.0
Stillwater,,MN Ice Rock,865839000238,0,0.0,2,2,5.49,11.0
Stillwater,,MN Ice Small Bag,865839000252,29,1.5,50,50,1.25,62.0
Stillwater,,American Spirits Full Flavor Blue,047995855086,4,2.9,2,2,14.14,28.0
Stillwater,,MN Ice Big Bag,865839000245,25,3.2,7,7,3.5,24.0
Vadnais Heights,Am Craft Spirits,"Jack Rudy Cherries, Bourbon 14oz",859975003598,0,0.0,1,6,11.96,72.0
Vadnais Heights,Bellboy Corporation,Mr & Mrs T Bloody Mary Liter,070655901304,0,0.0,1,6,4.58,27.0
Vadnais Heights,Bellboy Corporation,SBOC Blue Cheese Stuffed 5oz,089156001369,0,0.0,1,6,4.27,26.0
Vadnais Heights,Bellboy Corporation,The Royal Cherry 10oz,071943117131,2,2.9,1,6,3.48,21.0
Vadnais Heights,Bellboy Corporation,SBOC Dirty Martini Mix 375ml,089156001314,3,3.2,1,12,3.1,37.0
Vadnais Heights,"Capitol Beverage Sales, L.P.",Mr Pure Orange Juice 32oz,072718100037,4,2.1,1,12,2.82,34.0
Vadnais Heights,"Capitol Beverage Sales, L.P.",Mr Pure Apple Cranberry 32oz,072718101898,2,2.9,1,12,2.5,30.0
Vadnais Heights,"Capitol Beverage Sales, L.P.",Polar Club Soda Liter,071537020045,9,3.9,1,12,0.73,9.0
Vadnais Heights,Great Lakes Coca-Cola Distribution,Coke Diet 20oz,049000000450,1,0.4,1,24,2.07,50.0
Vadnais Heights,Great Lakes Coca-Cola Distribution,Minute Maid Lemonade 20oz,025000058011,4,0.6,1,24,2.08,50.0
Vadnais Heights,Great Lakes Coca-Cola Distribution,Monster Energy Lo Carb 16oz can,070847811268,1,0.7,1,24,2.05,49.0
Vadnais Heights,Great Lakes Coca-Cola Distribution,Minute Maid Lemonade 2L,025000053818,6,2.9,1,8,3.21,26.0
Vadnais Heights,Johnson Brothers - St. Paul,Jose Cuervo Strawberry Margarita Mix 1.75L,811538011143,0,0.0,1,6,3.7,22.0
Vadnais Heights,"M Amundson, LLP",Marlboro Silver 100s,02847829,13,3.5,1,10,12.62,126.0
Vadnais Heights,"M Amundson, LLP",Newport (Red Box) Non-Menthol 100's,02665715,6,3.7,1,10,12.48,125.0
Vadnais Heights,Pepsi-Cola,Gatorade Gatorlyte Cherry Lime 20oz,052000049008,-1,-4.3,1,12,1.84,22.0
Vadnais Heights,Pepsi-Cola,Pepsi Diet Original 12pk 12oz can,012000171864,1,2.1,1,2,9.65,19.0
Vadnais Heights,Pepsi-Cola,Starry Caffeine Free Lemon Lime 12pk 12oz can,012000221606,1,2.1,1,2,9.42,19.0
Vadnais Heights,Pepsi-Cola,Pepsi Diet 2L,012000171765,3,2.6,1,8,2.55,20.0
Vadnais Heights,Pepsi-Cola,Diet Dr Pepper 2L,078000083460,4,2.9,1,8,2.57,21.0
Vadnais Heights,Phillips Wine & Spirits - St. Paul,Gosling's Diet Ginger Beer 6pk 12oz can,721094199752,0,0.0,1,4,4.46,18.0
Vadnais Heights,Phillips Wine & Spirits - St. Paul,Cock n Bull Ginger Beer 4pk 12oz btl,072924012131,1,0.4,2,12,4.49,54.0
Vadnais Heights,Phillips Wine & Spirits - St. Paul,Zing Zang Bloody Mary Dill Pickles 32oz,616003616232,1,1.4,1,6,3.67,22.0
Vadnais Heights,Phillips Wine & Spirits - St. Paul,Gosling's Ginger Beer 6pk 12oz can,721094199707,1,2.1,1,4,4.22,17.0
Vadnais Heights,Phillips Wine & Spirits - St. Paul,Zing Zang Margarita Mix 1.75L,616003615167,5,3.6,1,6,6.69,40.0
Vadnais Heights,Phillips Wine & Spirits - St. Paul,Filthy Black Cherries 11oz,899682002873,6,3.7,1,12,10.5,126.0
Vadnais Heights,Red Bull Distribution Company,Red Bull Yellow Edition 12oz can,611269113570,0,0.0,1,24,2.3,55.0
Vadnais Heights,Red Bull Distribution Company,Red Bull Energy Drink 4pk 8oz can,611269108026,1,0.6,1,6,7.31,44.0
Vadnais Heights,"True Brands, Inc.","16 oz Red Party Cups, 24 pack by True",876718030420,1,1.4,1,12,2.67,32.0
Vadnais Heights,"Vinocopia, Inc",Gosling's Ginger Beer 12pk,721094199844,0,0.0,1,2,12.0,24.0
Vadnais Heights,,Second Harvest Heartland Donation,400000025780,-2,-4.3,2,2,0.0,0.0
Vadnais Heights,,Tip Item,TIP,0,0.0,17,17,0.0,0.0
Vadnais Heights,,MN Ice Big Bag,865839000245,14,1.8,18,18,3.5,63.0
Vadnais Heights,,MN Ice Small Bag,865839000252,61,2.0,59,59,1.25,74.0
Woodbury,Am Craft Spirits,"Jack Rudy Cherries, Bourbon 14oz",859975003598,0,0.0,1,6,11.96,72.0
Woodbury,Bellboy Corporation,Brez Flow Fuctional Beverage 4pk 12oz can,197644523061,0,0.0,1,6,9.98,60.0
Woodbury,Bellboy Corporation,Traverse City Cherries 21oz,859122005246,0,0.0,1,6,12.91,77.0
Woodbury,Bellboy Corporation,Clamato Tomato Cocktail 32oz,014800513240,1,1.1,1,12,3.67,44.0
Woodbury,Bellboy Corporation,Roses Grenadine Liter,016600000760,1,1.1,1,12,5.49,66.0
Woodbury,Bellboy Corporation,Twang Lime Beer Salt 1.4oz,023604231076,4,1.1,1,24,1.6,38.0
Woodbury,Bellboy Corporation,Ocean Spray Orange Juice 32oz,031200007360,4,1.2,1,12,3.53,42.0
Woodbury,Bellboy Corporation,SBOC Jalapeno Olives 5oz,089156801112,1,1.4,1,6,3.75,22.0
Woodbury,Bellboy Corporation,The Royal Cherry 10oz,071943117131,2,1.4,1,6,3.48,21.0
Woodbury,Bellboy Corporation,Roses Grenadine 12oz,01667436,3,2.6,1,6,3.73,22.0
Woodbury,"Capitol Beverage Sales, L.P.",Mr Pure Orange Juice 32oz,072718100037,0,0.0,1,12,2.82,34.0
Woodbury,"Capitol Beverage Sales, L.P.",Polar Club Soda Liter,071537020045,4,0.6,2,24,0.73,17.0
Woodbury,"Capitol Beverage Sales, L.P.",Polar Diet Tonic Water Liter,071537020694,1,1.4,1,12,0.77,9.0
Woodbury,"Capitol Beverage Sales, L.P.",Polar Lime Tonic Water Liter,071537020366,9,2.6,1,12,0.79,9.0
Woodbury,"Capitol Beverage Sales, L.P.",Polar Tonic Water Liter,071537020120,2,2.9,1,12,0.76,9.0
Woodbury,"College City Beverage, Inc.",Liquid Death Sparkling Water 19.2oz can,850031700185,0,0.0,1,24,1.33,32.0
Woodbury,"College City Beverage, Inc.",Liquid Death Convicted Melon 19.2oz can,850031700246,0,0.0,1,24,1.41,34.0
Woodbury,Great Lakes Coca-Cola Distribution,Coke Zero 12pk 12oz can,049000042559,0,0.0,3,6,9.65,58.0
Woodbury,Great Lakes Coca-Cola Distribution,Minute Maid Lemonade 2L,025000053818,0,0.0,1,8,3.21,26.0
Woodbury,Great Lakes Coca-Cola Distribution,Sprite 2L,049000050158,0,0.0,2,16,3.21,51.0
Woodbury,Great Lakes Coca-Cola Distribution,Sprite Diet Zero 2L,049000050172,0,0.0,2,16,3.21,51.0
Woodbury,Great Lakes Coca-Cola Distribution,Coke 2L,049000050103,0,0.0,2,16,3.21,51.0
Woodbury,Great Lakes Coca-Cola Distribution,Minute Maid Lemonade 20oz,025000058011,1,0.2,1,24,2.08,50.0
Woodbury,Great Lakes Coca-Cola Distribution,Coke Zero 2L,049000050141,2,1.0,1,8,3.21,26.0
Woodbury,Great Lakes Coca-Cola Distribution,Sprite 12pk 12oz can,049000028928,1,1.4,1,2,9.65,19.0
Woodbury,Great Lakes Coca-Cola Distribution,Coke 12pk 12oz can,049000028904,4,1.4,4,8,9.65,77.0
Woodbury,Great Lakes Coca-Cola Distribution,Coke Diet 2L,049000050110,12,1.4,3,24,3.21,77.0
Woodbury,Great Lakes Coca-Cola Distribution,Fresca 2L,049000050288,2,2.1,1,8,3.21,26.0
Woodbury,Johnson Brothers - St. Paul,Master of Mixes Simple Syrup 375ml,070491352070,7,2.3,1,12,2.67,32.0
Woodbury,"M Amundson, LLP",Zyn Pouch 6mg Spearmint,609249902023,2,1.7,1,5,8.41,42.0
Woodbury,Pepsi-Cola,Schweppes Tonic 6pk 8oz can,078000032413,0,0.0,2,8,3.7,30.0
Woodbury,Pepsi-Cola,Schweppes Club Soda 6pk 8oz,078000032420,2,1.1,2,8,4.0,32.0
Woodbury,Pepsi-Cola,Gatorade Gatorlyte Mixed Berry 20oz btl,052000050820,5,1.6,1,12,1.84,22.0
Woodbury,Pepsi-Cola,Schweppes Diet Tonic 6pk 8oz,078000032635,2,1.7,1,4,3.82,15.0
Woodbury,Pepsi-Cola,Gatorade Gatorlyte Cherry Lime 20oz,052000049008,4,2.1,1,12,1.84,22.0
Woodbury,Pepsi-Cola,Starry Caffeine Free Lemon Lime 20oz,012000221514,7,2.3,1,24,1.39,33.0
Woodbury,Pepsi-Cola,MTN Dew 2L,012000002335,5,2.7,1,8,2.52,20.0
Woodbury,Pepsi-Cola,Schweppes Diet Tonic Liter,078000219456,19,3.5,1,15,1.19,18.0
Woodbury,Pepsi-Cola,Gatorlyte Lemon Lime 20oz,052000052862,10,3.9,1,12,1.84,22.0
Woodbury,Phillips Wine & Spirits - St. Paul,Watkins Orange Bitters 11oz,813724025422,0,0.0,1,6,12.94,78.0
Woodbury,Phillips Wine & Spirits - St. Paul,Watkins Orange Bitters 4oz,813724025057,0,0.0,1,12,6.29,75.0
Woodbury,Phillips Wine & Spirits - St. Paul,Gosling's Diet Ginger Beer 6pk 12oz can,721094199752,2,1.7,1,4,4.46,18.0
Woodbury,Phillips Wine & Spirits - St. Paul,Gosling's Ginger Beer 6pk 12oz can,721094199707,2,2.1,1,4,4.22,17.0
Woodbury,Phillips Wine & Spirits - St. Paul,Filthy Olive Brine 8oz,899682002286,11,2.9,1,12,3.45,41.0
Woodbury,Phillips Wine & Spirits - St. Paul,Tres Agaves Margarita Mix Liter,854125003039,9,3.5,1,12,5.87,70.0
Woodbury,Red Bull Distribution Company,Red Bull Sugar Free 12oz can,611269716467,0,0.0,1,24,2.33,56.0
Woodbury,Red Bull Distribution Company,Red Bull Sugar Free 8oz can,611269101713,0,0.0,1,24,1.82,44.0
Woodbury,Red Bull Distribution Company,Red Bull Sugar Free 4pk 8oz can,611269109009,2,1.7,1,6,7.16,43.0
Woodbury,Red Bull Distribution Company,Red Bull Energy Drink 4pk 8oz can,611269108026,1,2.1,1,6,7.31,44.0
Woodbury,Red Bull Distribution Company,Pink Edition Red Bull Wild Berries 12oz can,611269003123,10,3.9,1,24,2.45,59.0
Woodbury,Southern Glazer's Wine & Spirits of MN,Angostura Aromatic Bitters 6.7oz,075496002005,0,0.0,1,12,14.17,170.0
Woodbury,Southern Glazer's Wine & Spirits of MN,Angostura Aromatic Bitters 4oz,075496000407,1,0.9,1,48,8.79,422.0
Woodbury,"True Brands, Inc.",2 oz plastic shot glasses,842094181766,0,0.0,1,12,4.18,50.0
Woodbury,"Vinocopia, Inc",Gosling's Ginger Beer 12pk,721094199844,0,0.0,1,2,12.0,24.0
Woodbury,,Second Harvest Heartland Donation,400000025780,-2,-4.3,2,2,0.0,0.0
Woodbury,,Tip Item,TIP,0,0.0,10,10,0.0,0.0
Woodbury,,Oliva Serie G Churchill,814539011686,0,0.0,4,4,4.72,19.0
Woodbury,,MN Ice Rock,865839000238,1,2.1,1,1,5.49,5.0
Woodbury,,MN Ice Small Bag,865839000252,74,3.4,14,14,1.25,17.0
Woodbury,,MN Ice Big Bag,865839000245,38,4.0,1,1,3.5,3.0
