Source,Product Code,Description,Supplier,Location,Ref #,Status,Cases Ordered,Cases Received,Case Discrepancy,Dept,Category,Notes,Line Notes,Date Created
Discrepancy,857680001960,Clay Shannon Napa Cabernet Sauvignon 750ml,Paustis Wine,Rosemount,1028709-7.20.26-Version 3,Inventory Received,1.0,0.67,-0.33,Wine,Cabernet,"Month End
PO Created per JM to correct product cost reporting",,2026-09-25T14:00:28.3095677
Discrepancy,085000034552,Black Box Deep Dark Cabernet 3L Box,Johnson Brothers - St. Paul,Andover,1034446,Inventory Received,1.0,0.0,-1.0,Wine,Cabernet,,mi,2026-09-14T00:00:00
Discrepancy,082242016094,Bota Box Nighthawk Black Lush Pinot Noir 3L Box,Phillips Wine & Spirits - St. Paul,Andover,1034450,Inventory Received,1.0,0.0,-1.0,Wine,Pinot Noir,,bo,2026-09-14T00:00:00
Discrepancy,857680001533,High Valley Cabernet Sauvignon 750ml,Paustis Wine,Blaine,1034458,Inventory Received,8.0,7.0,-1.0,Wine,Cabernet,Buyer's Select,Partially received only 7 cases ,2026-09-14T00:00:00
Discrepancy,605779976084,Jinro Green Grape 375ml,Johnson Brothers - St. Paul,Blaine,1034461,Inventory Received,1.0,0.0,-1.0,Wine,Fortified,,mi,2026-09-14T00:00:00
Discrepancy,605779976251,Jinro Strawberry 375ml,Johnson Brothers - St. Paul,Blaine,1034461,Inventory Received,1.0,0.0,-1.0,Wine,Fortified,,mi,2026-09-14T00:00:00
Discrepancy,084279999951,Risata Red Moscato 750ml,Oxford Street Merchants,Blaine,1034463,Inventory Received,1.0,2.0,1.0,Wine,Other Whites,,,2026-09-14T00:00:00
Discrepancy,082242010450,Bota Box Cabernet Sauvignon 3L Box,Phillips Wine & Spirits - St. Paul,Blaine,1034465,Inventory Received,3.0,0.0,-3.0,Wine,Cabernet,,mi,2026-09-14T00:00:00
Discrepancy,082242014380,Bota Box Nighthawk Black Cab Sauv 3L Box,Phillips Wine & Spirits - St. Paul,Blaine,1034465,Inventory Received,1.0,0.0,-1.0,Wine,Cabernet,,mi,2026-09-14T00:00:00
Discrepancy,082242016094,Bota Box Nighthawk Black Lush Pinot Noir 3L Box,Phillips Wine & Spirits - St. Paul,Blaine,1034465,Inventory Received,1.0,0.0,-1.0,Wine,Pinot Noir,,mi,2026-09-14T00:00:00
Discrepancy,082242017374,Bota Box Nighthawk Rum Barrel Red 3L Box,Phillips Wine & Spirits - St. Paul,Blaine,1034465,Inventory Received,1.0,0.0,-1.0,Wine,Red Blends,,mi,2026-09-14T00:00:00
Discrepancy,082242017558,Bota Box Merlot 3L Box,Phillips Wine & Spirits - St. Paul,Blaine,1034465,Inventory Received,1.0,0.0,-1.0,Wine,Merlot,,mi,2026-09-14T00:00:00
Discrepancy,082242018685,Bota Box Brightside Sauv Blanc/PG 3L Box,Phillips Wine & Spirits - St. Paul,Blaine,1034465,Inventory Received,1.0,0.0,-1.0,Wine,White Blends,,mi,2026-09-14T00:00:00
Discrepancy,082242010450,Bota Box Cabernet Sauvignon 3L Box,Phillips Wine & Spirits - St. Paul,Chanhassen,1034487,Inventory Received,1.0,0.0,-1.0,Wine,Cabernet,,BO,2026-09-14T00:00:00
Discrepancy,082242011051,Bota Box Chardonnay 3L Box,Phillips Wine & Spirits - St. Paul,Chanhassen,1034487,Inventory Received,3.0,0.0,-3.0,Wine,Chardonnay,,WI,2026-09-14T00:00:00
Discrepancy,082242014380,Bota Box Nighthawk Black Cab Sauv 3L Box,Phillips Wine & Spirits - St. Paul,Chanhassen,1034487,Inventory Received,1.0,0.0,-1.0,Wine,Cabernet,,BO,2026-09-14T00:00:00
Discrepancy,082242010450,Bota Box Cabernet Sauvignon 3L Box,Phillips Wine & Spirits - St. Paul,Cottage Grove,1034495,Inventory Received,1.0,0.0,-1.0,Wine,Cabernet,Free Goods,BO,2026-09-14T00:00:00
Discrepancy,031259032863,Yellow Tail Moscato 1.5L,Phillips Wine & Spirits - St. Paul,Cottage Grove,1034499,Inventory Received,1.0,0.0,-1.0,Wine,Moscato,,BO,2026-09-14T00:00:00
Discrepancy,082242014380,Bota Box Nighthawk Black Cab Sauv 3L Box,Phillips Wine & Spirits - St. Paul,Cottage Grove,1034499,Inventory Received,1.0,0.0,-1.0,Wine,Cabernet,,BO,2026-09-14T00:00:00
Discrepancy,082242016094,Bota Box Nighthawk Black Lush Pinot Noir 3L Box,Phillips Wine & Spirits - St. Paul,Cottage Grove,1034499,Inventory Received,1.0,0.0,-1.0,Wine,Pinot Noir,,BO,2026-09-14T00:00:00
Discrepancy,082242017558,Bota Box Merlot 3L Box,Phillips Wine & Spirits - St. Paul,Cottage Grove,1034499,Inventory Received,1.0,0.0,-1.0,Wine,Merlot,,BO,2026-09-14T00:00:00
Discrepancy,082242017633,Bota Box Breeze Chardonnay 3L Box,Phillips Wine & Spirits - St. Paul,Cottage Grove,1034499,Inventory Received,1.0,0.0,-1.0,Wine,Chardonnay,,BO,2026-09-14T00:00:00
Discrepancy,082242018685,Bota Box Brightside Sauv Blanc/PG 3L Box,Phillips Wine & Spirits - St. Paul,Cottage Grove,1034499,Inventory Received,1.0,0.0,-1.0,Wine,White Blends,,BO,2026-09-14T00:00:00
Discrepancy,098652840013,Cline Farmhouse Red 750ml,Southern Glazer's Wine & Spirits of MN,Cottage Grove,1034501,Inventory Received,1.0,0.0,-1.0,Wine,Red Blends,,bo,2026-09-14T00:00:00
Discrepancy,084279009346,Il Tramonto Blackberry Spritz 375ml,Johnson Brothers - St. Paul,Minneapolis,1034504,Inventory Received,0.08,0.0,-0.08,Wine,Flavored,Free Goods,MI,2026-09-14T00:00:00
Discrepancy,605779976084,Jinro Green Grape 375ml,Johnson Brothers - St. Paul,Minneapolis,1034506,Inventory Received,3.0,0.0,-3.0,Wine,Fortified,,MI,2026-09-14T00:00:00
Discrepancy,605779976251,Jinro Strawberry 375ml,Johnson Brothers - St. Paul,Minneapolis,1034506,Inventory Received,1.0,0.0,-1.0,Wine,Fortified,,MI,2026-09-14T00:00:00
Discrepancy,795652200518,Jinro Chamisul Classico Soju 20.1% 750ml,Johnson Brothers - St. Paul,Minneapolis,1034506,Inventory Received,1.0,0.0,-1.0,Wine,Fortified,,MI,2026-09-14T00:00:00
Discrepancy,074806184202,Daily's Strawberry RTD Frozen 10oz,Phillips Wine & Spirits - St. Paul,Minneapolis,1034510,Inventory Received,1.0,0.0,-1.0,Wine,Flavored,,BO,2026-09-14T00:00:00
Discrepancy,082242018685,Bota Box Brightside Sauv Blanc/PG 3L Box,Phillips Wine & Spirits - St. Paul,Minneapolis,1034510,Inventory Received,1.0,0.0,-1.0,Wine,White Blends,,BO,2026-09-14T00:00:00
Discrepancy,876153004093,Castello del Poggio Prosecco 750ml,Phillips Wine & Spirits - St. Paul,Minneapolis,1034510,Inventory Received,1.0,0.0,-1.0,Wine,Sparkling,,,2026-09-14T00:00:00
Discrepancy,3760010532744,Mirabeau Forever Summer Rose 750ml,"Grape Beginnings, Inc.",Minnetonka,1034515,Inventory Received,1.0,0.0,-1.0,Wine,Rose,,mi,2026-09-14T00:00:00
Discrepancy,086003255067,The Prisoner Wine Co Prisoner Red Blend 750ml,Southern Glazer's Wine & Spirits of MN,Minnetonka,1034520,Inventory Received,1.0,0.0,-1.0,Wine,Red Blends,,MI,2026-09-14T00:00:00
Discrepancy,853868006703,Pavette Cabernet Sauvignon 750ml,Libation Project,Minnetonka,1034521,Inventory Received,1.0,0.0,-1.0,Wine,Cabernet,Store Request,mi,2026-09-14T00:00:00
Discrepancy,853868006703,Pavette Cabernet Sauvignon 750ml,Libation Project,Minnetonka,1034521-9.21.26,Inventory Received,1.0,0.0,-1.0,Wine,Cabernet,Store Request,MI,2026-09-14T00:00:00
Discrepancy,082242014380,Bota Box Nighthawk Black Cab Sauv 3L Box,Phillips Wine & Spirits - St. Paul,Osseo,1034528,Inventory Received,1.0,0.0,-1.0,Wine,Cabernet,,not on truck ,2026-09-14T00:00:00
Discrepancy,082242018685,Bota Box Brightside Sauv Blanc/PG 3L Box,Phillips Wine & Spirits - St. Paul,Osseo,1034528,Inventory Received,1.0,0.0,-1.0,Wine,White Blends,,not on truck ,2026-09-14T00:00:00
Discrepancy,605779976084,Jinro Green Grape 375ml,Johnson Brothers - St. Paul,Plymouth,1034534,Inventory Received,1.0,0.0,-1.0,Wine,Fortified,,not on truck,2026-09-14T00:00:00
Discrepancy,605779976251,Jinro Strawberry 375ml,Johnson Brothers - St. Paul,Plymouth,1034534,Inventory Received,1.0,0.0,-1.0,Wine,Fortified,,not on truck,2026-09-14T00:00:00
Discrepancy,856036001098,Underwood Bubbles 355ml,Oxford Street Merchants,Plymouth,1034536,Inventory Received,1.0,0.0,-1.0,Wine,Sparkling,,not on truck,2026-09-14T00:00:00
Discrepancy,082242013253,Bota Box Pinot Grigio 3L Box,Phillips Wine & Spirits - St. Paul,Plymouth,1034537,Inventory Received,4.0,1.0,-3.0,Wine,Pinot Grigio/Gris,,error,2026-09-14T00:00:00
Discrepancy,082242014380,Bota Box Nighthawk Black Cab Sauv 3L Box,Phillips Wine & Spirits - St. Paul,Plymouth,1034537,Inventory Received,1.0,0.0,-1.0,Wine,Cabernet,,not on truck,2026-09-14T00:00:00
Discrepancy,082242017657,Bota Box Nighthawk Black Malbec 3L Box,Phillips Wine & Spirits - St. Paul,Plymouth,1034537,Inventory Received,1.0,0.0,-1.0,Wine,Malbec,,not on truck,2026-09-14T00:00:00
Discrepancy,088586013348,Chateau Ste Michelle Light Chardonnay  750ml,Southern Glazer's Wine & Spirits of MN,Plymouth,1034538,Inventory Received,1.0,0.0,-1.0,Wine,Chardonnay,,bo,2026-09-14T00:00:00
Discrepancy,892931000347,A to Z Pinot Noir 750ml,Southern Glazer's Wine & Spirits of MN,Plymouth,1034538,Inventory Received,1.0,0.0,-1.0,Wine,Pinot Noir,,bo,2026-09-14T00:00:00
Discrepancy,082242010450,Bota Box Cabernet Sauvignon 3L Box,Phillips Wine & Spirits - St. Paul,Ramsey,1034543,Inventory Received,1.0,0.0,-1.0,Wine,Cabernet,Free Goods,MI ,2026-09-14T00:00:00
Discrepancy,085000018194,Alamos Malbec 750ml,Johnson Brothers - St. Paul,Ramsey,1034544,Inventory Received,1.0,0.0,-1.0,Wine,Malbec,,broke on truck,2026-09-14T00:00:00
Discrepancy,082242014380,Bota Box Nighthawk Black Cab Sauv 3L Box,Phillips Wine & Spirits - St. Paul,Ramsey,1034546,Inventory Received,1.0,0.0,-1.0,Wine,Cabernet,,MI ,2026-09-14T00:00:00
Discrepancy,082242017558,Bota Box Merlot 3L Box,Phillips Wine & Spirits - St. Paul,Ramsey,1034546,Inventory Received,1.0,0.0,-1.0,Wine,Merlot,,MI ,2026-09-14T00:00:00
Discrepancy,086003255067,The Prisoner Wine Co Prisoner Red Blend 750ml,Southern Glazer's Wine & Spirits of MN,Ramsey,1034547,Inventory Received,1.0,0.0,-1.0,Wine,Red Blends,,Mi,2026-09-14T00:00:00
Discrepancy,082242018685,Bota Box Brightside Sauv Blanc/PG 3L Box,Phillips Wine & Spirits - St. Paul,Rosemount,1034556,Inventory Received,1.0,0.0,-1.0,Wine,White Blends,,BO,2026-09-14T00:00:00
Discrepancy,082242010450,Bota Box Cabernet Sauvignon 3L Box,Phillips Wine & Spirits - St. Paul,Roseville,1034564,Inventory Received,1.0,0.0,-1.0,Wine,Cabernet,Free Goods,mi,2026-09-14T00:00:00
Discrepancy,082242014380,Bota Box Nighthawk Black Cab Sauv 3L Box,Phillips Wine & Spirits - St. Paul,Roseville,1034569,Inventory Received,1.0,0.0,-1.0,Wine,Cabernet,,mi,2026-09-14T00:00:00
Discrepancy,086036124590,Christian Bros Dry Sherry 750ml,Southern Glazer's Wine & Spirits of MN,Roseville,1034572,Inventory Received,2.0,0.0,-2.0,Wine,Fortified,,mi,2026-09-14T00:00:00
Discrepancy,011699014933,Bouchard VDP Pinot Noir 750ml,"Vinocopia, Inc",Roseville,1034574,Inventory Received,1.0,0.0,-1.0,Wine,Pinot Noir,,mi,2026-09-14T00:00:00
Discrepancy,082242010450,Bota Box Cabernet Sauvignon 3L Box,Phillips Wine & Spirits - St. Paul,St. Louis Park,1034579,Inventory Received,2.0,0.0,-2.0,Wine,Cabernet,Free Goods,mi,2026-09-14T00:00:00
Discrepancy,085000016237,Ghost Pines Cabernet Sauvignon 750ml,Johnson Brothers - St. Paul,St. Louis Park,1034580,Inventory Received,1.0,0.0,-1.0,Wine,Cabernet,,mi,2026-09-14T00:00:00
Discrepancy,605779976084,Jinro Green Grape 375ml,Johnson Brothers - St. Paul,St. Louis Park,1034580,Inventory Received,1.0,0.0,-1.0,Wine,Fortified,,mi,2026-09-14T00:00:00
Discrepancy,605779976251,Jinro Strawberry 375ml,Johnson Brothers - St. Paul,St. Louis Park,1034580,Inventory Received,1.0,0.0,-1.0,Wine,Fortified,,mi,2026-09-14T00:00:00
Discrepancy,856036001098,Underwood Bubbles 355ml,Oxford Street Merchants,St. Louis Park,1034583,Inventory Received,1.0,0.0,-1.0,Wine,Sparkling,,mi,2026-09-14T00:00:00
Discrepancy,856036001197,Underwood Rose Bubbles 375ml,Oxford Street Merchants,St. Louis Park,1034583,Inventory Received,3.0,0.0,-3.0,Wine,Sparkling,,mi,2026-09-14T00:00:00
Discrepancy,082242014373,Bota Box Dry Rose 3L Box,Phillips Wine & Spirits - St. Paul,St. Louis Park,1034585,Inventory Received,2.0,1.0,-1.0,Wine,Rose,,1 received ,2026-09-14T00:00:00
Discrepancy,082242014380,Bota Box Nighthawk Black Cab Sauv 3L Box,Phillips Wine & Spirits - St. Paul,St. Louis Park,1034585,Inventory Received,1.0,0.0,-1.0,Wine,Cabernet,,mi,2026-09-14T00:00:00
Discrepancy,082242018685,Bota Box Brightside Sauv Blanc/PG 3L Box,Phillips Wine & Spirits - St. Paul,St. Louis Park,1034585,Inventory Received,1.0,0.0,-1.0,Wine,White Blends,,mi,2026-09-14T00:00:00
Discrepancy,088586013348,Chateau Ste Michelle Light Chardonnay  750ml,Southern Glazer's Wine & Spirits of MN,St. Louis Park,1034587,Inventory Received,1.0,0.0,-1.0,Wine,Chardonnay,,mi,2026-09-14T00:00:00
Discrepancy,716898964415,Acinum Prosecco 750ml,"Maverick Beverage Co., LLC - MN",Stillwater,1034594,Inventory Received,1.0,2.0,1.0,Wine,Sparkling,,two on po,2026-09-14T00:00:00
Discrepancy,031259009469,Yellow Tail Cab Sauvignon 1.5L,Phillips Wine & Spirits - St. Paul,Stillwater,1034598,Inventory Received,1.0,0.0,-1.0,Wine,Cabernet,,WI,2026-09-14T00:00:00
Discrepancy,082242014380,Bota Box Nighthawk Black Cab Sauv 3L Box,Phillips Wine & Spirits - St. Paul,Stillwater,1034598,Inventory Received,1.0,0.0,-1.0,Wine,Cabernet,,bo,2026-09-14T00:00:00
Discrepancy,082242018685,Bota Box Brightside Sauv Blanc/PG 3L Box,Phillips Wine & Spirits - St. Paul,Stillwater,1034598,Inventory Received,1.0,0.0,-1.0,Wine,White Blends,,bo,2026-09-14T00:00:00
Discrepancy,087872633369,Stella Rosa Black 750ml,"Breakthru Beverage Minnesota Wine & Spirits, LLC",Vadnais Heights,1034601,Inventory Received,1.0,0.0,-1.0,Wine,Flavored,,WI,2026-09-14T00:00:00
Discrepancy,085000034569,Black Box Tart Tangy Sauvignon Blanc 3L Box,Johnson Brothers - St. Paul,Vadnais Heights,1034603,Inventory Received,1.0,0.0,-1.0,Wine,Sauvignon Blanc,,MI,2026-09-14T00:00:00
Discrepancy,605779976084,Jinro Green Grape 375ml,Johnson Brothers - St. Paul,Vadnais Heights,1034603,Inventory Received,1.0,0.0,-1.0,Wine,Fortified,,MI,2026-09-14T00:00:00
Discrepancy,605779976251,Jinro Strawberry 375ml,Johnson Brothers - St. Paul,Vadnais Heights,1034603,Inventory Received,1.0,0.0,-1.0,Wine,Fortified,,MI,2026-09-14T00:00:00
Discrepancy,856036001098,Underwood Bubbles 355ml,Oxford Street Merchants,Vadnais Heights,1034605,Inventory Received,1.0,0.0,-1.0,Wine,Sparkling,,MI,2026-09-14T00:00:00
Discrepancy,031259009469,Yellow Tail Cab Sauvignon 1.5L,Phillips Wine & Spirits - St. Paul,Vadnais Heights,1034607,Inventory Received,1.0,0.0,-1.0,Wine,Cabernet,,WI,2026-09-14T00:00:00
Discrepancy,082242016148,Bota Box Nighthawk GD Chardonnay 500ml,Phillips Wine & Spirits - St. Paul,Vadnais Heights,1034607,Inventory Received,1.0,0.0,-1.0,Wine,Chardonnay,,WI,2026-09-14T00:00:00
Discrepancy,082242017633,Bota Box Breeze Chardonnay 3L Box,Phillips Wine & Spirits - St. Paul,Vadnais Heights,1034607,Inventory Received,1.0,0.0,-1.0,Wine,Chardonnay,,MI,2026-09-14T00:00:00
Discrepancy,605779976206,Jinro Plum 375ml,Johnson Brothers - St. Paul,Woodbury,1034611,Inventory Received,1.0,0.0,-1.0,Wine,Fortified,,MI,2026-09-14T00:00:00
Discrepancy,031259009469,Yellow Tail Cab Sauvignon 1.5L,Phillips Wine & Spirits - St. Paul,Woodbury,1034615,Inventory Received,1.0,0.0,-1.0,Wine,Cabernet,,BO,2026-09-14T00:00:00
Discrepancy,082242013314,Bota Box Pinot Grigio 500ml,Phillips Wine & Spirits - St. Paul,Woodbury,1034615,Inventory Received,1.0,0.0,-1.0,Wine,Pinot Grigio/Gris,,BO,2026-09-14T00:00:00
Discrepancy,082242017633,Bota Box Breeze Chardonnay 3L Box,Phillips Wine & Spirits - St. Paul,Woodbury,1034615,Inventory Received,1.0,0.0,-1.0,Wine,Chardonnay,,MI,2026-09-14T00:00:00
Discrepancy,082242018685,Bota Box Brightside Sauv Blanc/PG 3L Box,Phillips Wine & Spirits - St. Paul,Woodbury,1034615,Inventory Received,1.0,0.0,-1.0,Wine,White Blends,,BO,2026-09-14T00:00:00
Discrepancy,086003255067,The Prisoner Wine Co Prisoner Red Blend 750ml,Southern Glazer's Wine & Spirits of MN,Woodbury,1034617,Inventory Received,1.0,0.0,-1.0,Wine,Red Blends,,BO,2026-09-14T00:00:00
Discrepancy,086003861862,Woodbridge Sauv Blanc 750ml,Southern Glazer's Wine & Spirits of MN,Woodbury,1034617,Inventory Received,1.0,0.0,-1.0,Wine,Sauvignon Blanc,,BO,2026-09-14T00:00:00
Discrepancy,088586659935,CSM Indian Wells Chardonnay 750ml,Southern Glazer's Wine & Spirits of MN,Woodbury,1034617,Inventory Received,1.0,0.0,-1.0,Wine,Chardonnay,,MI,2026-09-14T00:00:00
Discrepancy,657891720205,Liberty School Reserve Cab Sauv 750ml,"Grape Beginnings, Inc.",Andover,1035014,Inventory Received,1.0,0.0,-1.0,Wine,Cabernet,,not received yet ,2026-09-21T00:00:00
Discrepancy,081434700209,Black Box Pinot Grigio 500ml,Johnson Brothers - St. Paul,Andover,1035015,Inventory Received,1.0,0.0,-1.0,Wine,Pinot Grigio/Gris,,br,2026-09-21T00:00:00
Discrepancy,678113000165,Ercole Monferratto Rosso Liter,Libation Project,Andover,1035016,Inventory Received,1.0,0.0,-1.0,Wine,Other Reds,,not received yet ,2026-09-21T00:00:00
Discrepancy,081753833916,Whispering Angel Rose 750ml,Oxford Street Merchants,Andover,1035018,Inventory Received,1.0,0.0,-1.0,Wine,Rose,,mi,2026-09-21T00:00:00
Discrepancy,082242010412,Bota Box Cabernet Sauvignon 500ml,Phillips Wine & Spirits - St. Paul,Andover,1035020,Inventory Received,1.0,0.0,-1.0,Wine,Cabernet,,wi,2026-09-21T00:00:00
Discrepancy,082242014380,Bota Box Nighthawk Black Cab Sauv 3L Box,Phillips Wine & Spirits - St. Paul,Andover,1035020,Inventory Received,1.0,0.0,-1.0,Wine,Cabernet,,bo,2026-09-21T00:00:00
Discrepancy,605779976084,Jinro Green Grape 375ml,Johnson Brothers - St. Paul,Blaine,1035026,Inventory Received,1.0,0.0,-1.0,Wine,Fortified,,mi,2026-09-21T00:00:00
Discrepancy,605779976251,Jinro Strawberry 375ml,Johnson Brothers - St. Paul,Blaine,1035026,Inventory Received,1.0,0.0,-1.0,Wine,Fortified,,mi,2026-09-21T00:00:00
Discrepancy,080887551123,Bogle Juggernaut Napa Cabernet 750ml,Phillips Wine & Spirits - St. Paul,Blaine,1035029,Inventory Received,1.0,0.0,-1.0,Wine,Cabernet,,mi,2026-09-21T00:00:00
Discrepancy,082242010450,Bota Box Cabernet Sauvignon 3L Box,Phillips Wine & Spirits - St. Paul,Blaine,1035029,Inventory Received,4.0,0.0,-4.0,Wine,Cabernet,,mi,2026-09-21T00:00:00
Discrepancy,082242014380,Bota Box Nighthawk Black Cab Sauv 3L Box,Phillips Wine & Spirits - St. Paul,Blaine,1035029,Inventory Received,1.0,0.0,-1.0,Wine,Cabernet,,mi,2026-09-21T00:00:00
Discrepancy,082242016797,Bota Box Breeze Red Blend 3L Box,Phillips Wine & Spirits - St. Paul,Blaine,1035029,Inventory Received,1.0,0.0,-1.0,Wine,Red Blends,,mi,2026-09-21T00:00:00
Discrepancy,082242017558,Bota Box Merlot 3L Box,Phillips Wine & Spirits - St. Paul,Blaine,1035029,Inventory Received,1.0,0.0,-1.0,Wine,Merlot,,mi,2026-09-21T00:00:00
Discrepancy,088586603846,Chateau Ste Michelle Chardonnay 750ml,Southern Glazer's Wine & Spirits of MN,Blaine,1035031,Inventory Received,1.0,0.0,-1.0,Wine,Chardonnay,,Misspick ,2026-09-21T00:00:00
Discrepancy,763955703722,Vina Palaciega Cava Brut Rose 750ml,Bellboy Corporation,Blaine,1035032,Inventory Received,2.0,0.0,-2.0,Wine,Sparkling,Store Request,not on truck ,2026-09-21T00:00:00
Discrepancy,087113112950,Albert Bichot Cremant de Bourgogne Brut Rose 750ml,"Grape Beginnings, Inc.",Blaine,1035034,Inventory Received,1.0,0.0,-1.0,Wine,Sparkling,Store Request,not delivered yet ,2026-09-21T00:00:00
Discrepancy,087113112998,Albert Bichot Cremant de Bourgogne Brut 750ml,"Grape Beginnings, Inc.",Blaine,1035034,Inventory Received,1.0,0.0,-1.0,Wine,Sparkling,Store Request,not delivered yet ,2026-09-21T00:00:00
Discrepancy,837571004454,Prisma Sauvignon Blanc 750ml,Libation Project,Blaine,1035036,Inventory Received,1.0,0.0,-1.0,Wine,Sauvignon Blanc,Store Request,not delivered yet ,2026-09-21T00:00:00
Discrepancy,842094171057,Bubbles Single Bottle Bag,"True Brands, Inc.",Blaine,1035041,Inventory Received,1.0,0.0,-1.0,Miscellaneous,Accessories,,out of stock ,2026-09-21T00:00:00
Discrepancy,842094181766,2 oz plastic shot glasses,"True Brands, Inc.",Blaine,1035041,Inventory Received,1.0,0.0,-1.0,Miscellaneous,Accessories,,out of stock ,2026-09-21T00:00:00
Discrepancy,795652200518,Jinro Chamisul Classico Soju 20.1% 750ml,Johnson Brothers - St. Paul,Bloomington,1035042,Inventory Received,1.0,0.0,-1.0,Wine,Fortified,,MI,2026-09-21T00:00:00
Discrepancy,856036001098,Underwood Bubbles 355ml,Oxford Street Merchants,Bloomington,1035043,Inventory Received,2.0,0.0,-2.0,Wine,Sparkling,,WI,2026-09-21T00:00:00
Discrepancy,082242014380,Bota Box Nighthawk Black Cab Sauv 3L Box,Phillips Wine & Spirits - St. Paul,Chanhassen,1035055,Inventory Received,2.0,0.0,-2.0,Wine,Cabernet,,MI,2026-09-21T00:00:00
Discrepancy,082242017633,Bota Box Breeze Chardonnay 3L Box,Phillips Wine & Spirits - St. Paul,Chanhassen,1035055,Inventory Received,1.0,0.0,-1.0,Wine,Chardonnay,,MI,2026-09-21T00:00:00
Discrepancy,086785110745,Roscato Peach 750ml,"Breakthru Beverage Minnesota Wine & Spirits, LLC",Cottage Grove,1035058,Inventory Received,1.0,0.0,-1.0,Wine,Flavored,,out of stock,2026-09-21T00:00:00
Discrepancy,085000011423,Tisdale Cab Sauv 750ml,Johnson Brothers - St. Paul,Cottage Grove,1035061,Inventory Received,1.0,0.0,-1.0,Wine,Cabernet,,BO,2026-09-21T00:00:00
Discrepancy,031259032863,Yellow Tail Moscato 1.5L,Phillips Wine & Spirits - St. Paul,Cottage Grove,1035063,Inventory Received,1.0,0.0,-1.0,Wine,Moscato,,BO,2026-09-21T00:00:00
Discrepancy,082242014380,Bota Box Nighthawk Black Cab Sauv 3L Box,Phillips Wine & Spirits - St. Paul,Cottage Grove,1035063,Inventory Received,1.0,0.0,-1.0,Wine,Cabernet,,BO,2026-09-21T00:00:00
Discrepancy,082242017558,Bota Box Merlot 3L Box,Phillips Wine & Spirits - St. Paul,Cottage Grove,1035063,Inventory Received,1.0,0.0,-1.0,Wine,Merlot,,BO,2026-09-21T00:00:00
Discrepancy,082242017633,Bota Box Breeze Chardonnay 3L Box,Phillips Wine & Spirits - St. Paul,Cottage Grove,1035063,Inventory Received,1.0,0.0,-1.0,Wine,Chardonnay,,BO,2026-09-21T00:00:00
Discrepancy,086891080031,Seven Daughters Moscato 750ml,Southern Glazer's Wine & Spirits of MN,Cottage Grove,1035064,Inventory Received,1.0,0.0,-1.0,Wine,Moscato,,MI,2026-09-21T00:00:00
Discrepancy,098652840013,Cline Farmhouse Red 750ml,Southern Glazer's Wine & Spirits of MN,Cottage Grove,1035064,Inventory Received,1.0,0.0,-1.0,Wine,Red Blends,,BO,2026-09-21T00:00:00
Discrepancy,605779976084,Jinro Green Grape 375ml,Johnson Brothers - St. Paul,Minneapolis,1035070,Inventory Received,5.0,0.0,-5.0,Wine,Fortified,,MI,2026-09-21T00:00:00
Discrepancy,605779976206,Jinro Plum 375ml,Johnson Brothers - St. Paul,Minneapolis,1035070,Inventory Received,1.0,0.0,-1.0,Wine,Fortified,,MI,2026-09-21T00:00:00
Discrepancy,605779976251,Jinro Strawberry 375ml,Johnson Brothers - St. Paul,Minneapolis,1035070,Inventory Received,2.0,0.0,-2.0,Wine,Fortified,,MI,2026-09-21T00:00:00
Discrepancy,712166833278,Jinro Grapefruit 375ml,Johnson Brothers - St. Paul,Minneapolis,1035070,Inventory Received,2.0,0.0,-2.0,Wine,Fortified,,MI,2026-09-21T00:00:00
Discrepancy,795652200518,Jinro Chamisul Classico Soju 20.1% 750ml,Johnson Brothers - St. Paul,Minneapolis,1035070,Inventory Received,1.0,0.0,-1.0,Wine,Fortified,,MI,2026-09-21T00:00:00
Discrepancy,031259032863,Yellow Tail Moscato 1.5L,Phillips Wine & Spirits - St. Paul,Minneapolis,1035072,Inventory Received,1.0,0.0,-1.0,Wine,Moscato,,BO,2026-09-21T00:00:00
Discrepancy,086003861862,Woodbridge Sauv Blanc 750ml,Southern Glazer's Wine & Spirits of MN,Minneapolis,1035073,Inventory Received,1.0,0.0,-1.0,Wine,Sauvignon Blanc,,BO,2026-09-21T00:00:00
Discrepancy,842094181766,2 oz plastic shot glasses,"True Brands, Inc.",Minneapolis,1035075,Inventory Received,1.0,0.0,-1.0,Miscellaneous,Accessories,,MI,2026-09-21T00:00:00
Discrepancy,8801100130534,Good Day Pineapple Soju 375ml,"Vinocopia, Inc",Minneapolis,1035076,Inventory Received,1.0,0.0,-1.0,Wine,Fortified,,,2026-09-21T00:00:00
Discrepancy,8801100130978,Good Day Lychee Soju 375ml,"Vinocopia, Inc",Minneapolis,1035076,Inventory Received,2.0,0.0,-2.0,Wine,Fortified,,,2026-09-21T00:00:00
Discrepancy,089121288122,J Lohr Cabernet Sauvignon 750ml,"Breakthru Beverage Minnesota Wine & Spirits, LLC",Minnetonka,1035078,Inventory Received,1.0,0.0,-1.0,Wine,Cabernet,,mi,2026-09-21T00:00:00
Discrepancy,086003255067,The Prisoner Wine Co Prisoner Red Blend 750ml,Southern Glazer's Wine & Spirits of MN,Minnetonka,1035084,Inventory Received,1.0,0.0,-1.0,Wine,Red Blends,,OOS,2026-09-21T00:00:00
Discrepancy,605779976206,Jinro Plum 375ml,Johnson Brothers - St. Paul,Osseo,1035089,Inventory Received,1.0,0.0,-1.0,Wine,Fortified,,MI ,2026-09-21T00:00:00
Discrepancy,031259009469,Yellow Tail Cab Sauvignon 1.5L,Phillips Wine & Spirits - St. Paul,Osseo,1035091,Inventory Received,1.0,0.0,-1.0,Wine,Cabernet,,oos,2026-09-21T00:00:00
Discrepancy,082242011051,Bota Box Chardonnay 3L Box,Phillips Wine & Spirits - St. Paul,Osseo,1035091,Inventory Received,1.0,0.0,-1.0,Wine,Chardonnay,,MI ,2026-09-21T00:00:00
Discrepancy,082242014380,Bota Box Nighthawk Black Cab Sauv 3L Box,Phillips Wine & Spirits - St. Paul,Osseo,1035091,Inventory Received,1.0,0.0,-1.0,Wine,Cabernet,,oos ,2026-09-21T00:00:00
Discrepancy,605779976084,Jinro Green Grape 375ml,Johnson Brothers - St. Paul,Plymouth,1035096,Inventory Received,1.0,0.0,-1.0,Wine,Fortified,,MI,2026-09-21T00:00:00
Discrepancy,605779976251,Jinro Strawberry 375ml,Johnson Brothers - St. Paul,Plymouth,1035096,Inventory Received,1.0,0.0,-1.0,Wine,Fortified,,MI,2026-09-21T00:00:00
Discrepancy,082242014380,Bota Box Nighthawk Black Cab Sauv 3L Box,Phillips Wine & Spirits - St. Paul,Plymouth,1035098,Inventory Received,1.0,0.0,-1.0,Wine,Cabernet,,MI,2026-09-21T00:00:00
Discrepancy,082242017633,Bota Box Breeze Chardonnay 3L Box,Phillips Wine & Spirits - St. Paul,Plymouth,1035098,Inventory Received,1.0,0.0,-1.0,Wine,Chardonnay,,MI,2026-09-21T00:00:00
Discrepancy,082242017985,Bota Box Breeze Sauvignon Blanc 500ml,Phillips Wine & Spirits - St. Paul,Plymouth,1035098,Inventory Received,1.0,0.0,-1.0,Wine,Sauvignon Blanc,,Mispick,2026-09-21T00:00:00
Discrepancy,082242014380,Bota Box Nighthawk Black Cab Sauv 3L Box,Phillips Wine & Spirits - St. Paul,Ramsey,1035106,Inventory Received,1.0,0.0,-1.0,Wine,Cabernet,,mi,2026-09-21T00:00:00
Discrepancy,082242017558,Bota Box Merlot 3L Box,Phillips Wine & Spirits - St. Paul,Ramsey,1035106,Inventory Received,1.0,0.0,-1.0,Wine,Merlot,,mi,2026-09-21T00:00:00
Discrepancy,086003255067,The Prisoner Wine Co Prisoner Red Blend 750ml,Southern Glazer's Wine & Spirits of MN,Ramsey,1035107,Inventory Received,1.0,0.0,-1.0,Wine,Red Blends,,mi,2026-09-21T00:00:00
Discrepancy,082242014380,Bota Box Nighthawk Black Cab Sauv 3L Box,Phillips Wine & Spirits - St. Paul,Rosemount,1035114,Inventory Received,1.0,0.0,-1.0,Wine,Cabernet,,Bo,2026-09-21T00:00:00
Discrepancy,082242017633,Bota Box Breeze Chardonnay 3L Box,Phillips Wine & Spirits - St. Paul,Rosemount,1035114,Inventory Received,1.0,0.0,-1.0,Wine,Chardonnay,,Bo,2026-09-21T00:00:00
Discrepancy,682417072001,Three Rivers Cabernet Sauvignon 750ml,Southern Glazer's Wine & Spirits of MN,Rosemount,1035116,Inventory Received,1.0,0.0,-1.0,Wine,Cabernet,,Mi,2026-09-21T00:00:00
Discrepancy,842094181766,2 oz plastic shot glasses,"True Brands, Inc.",Rosemount,1035117,Inventory Received,1.0,0.0,-1.0,Miscellaneous,Accessories,,ND,2026-09-21T00:00:00
Discrepancy,012354001121,Penfold's Max's Cabernet 750ml,"Breakthru Beverage Minnesota Wine & Spirits, LLC",Roseville,1035119,Inventory Received,1.0,0.0,-1.0,Wine,Cabernet,,mispick mi,2026-09-21T00:00:00
Discrepancy,605779976206,Jinro Plum 375ml,Johnson Brothers - St. Paul,Roseville,1035121,Inventory Received,1.0,0.0,-1.0,Wine,Fortified,,mi,2026-09-21T00:00:00
Discrepancy,8414219019807,Nave Sur Verdejo Rueda,Oxford Street Merchants,Roseville,1035123,Inventory Received,1.0,0.0,-1.0,Wine,Other Whites,,mi,2026-09-21T00:00:00
Discrepancy,080887551123,Bogle Juggernaut Napa Cabernet 750ml,Phillips Wine & Spirits - St. Paul,Roseville,1035125,Inventory Received,1.0,0.0,-1.0,Wine,Cabernet,,mi,2026-09-21T00:00:00
Discrepancy,082242014380,Bota Box Nighthawk Black Cab Sauv 3L Box,Phillips Wine & Spirits - St. Paul,Roseville,1035125,Inventory Received,1.0,0.0,-1.0,Wine,Cabernet,,mi,2026-09-21T00:00:00
Discrepancy,717888510025,Hess Select Cab Sauv 750ml,Phillips Wine & Spirits - St. Paul,Roseville,1035125,Inventory Received,1.0,0.0,-1.0,Wine,Cabernet,,mi,2026-09-21T00:00:00
Discrepancy,086036124590,Christian Bros Dry Sherry 750ml,Southern Glazer's Wine & Spirits of MN,Roseville,1035127,Inventory Received,2.0,0.0,-2.0,Wine,Fortified,,mi,2026-09-21T00:00:00
Discrepancy,011699014933,Bouchard VDP Pinot Noir 750ml,"Vinocopia, Inc",Roseville,1035130,Inventory Received,1.0,0.0,-1.0,Wine,Pinot Noir,,mi,2026-09-21T00:00:00
Discrepancy,082896062621,Bonterra Sauvignon Blanc 750ml,"Breakthru Beverage Minnesota Wine & Spirits, LLC",St. Louis Park,1035131,Inventory Received,2.0,1.0,-1.0,Wine,Sauvignon Blanc,,only 1 case sent,2026-09-21T00:00:00
Discrepancy,082896780419,Bonterra Chardonnay 750ml,"Breakthru Beverage Minnesota Wine & Spirits, LLC",St. Louis Park,1035131,Inventory Received,1.0,0.0,-1.0,Wine,Chardonnay,,mi,2026-09-21T00:00:00
Discrepancy,089121288122,J Lohr Cabernet Sauvignon 750ml,"Breakthru Beverage Minnesota Wine & Spirits, LLC",St. Louis Park,1035131,Inventory Received,3.0,1.0,-2.0,Wine,Cabernet,,only 1 case sent,2026-09-21T00:00:00
Discrepancy,605779976084,Jinro Green Grape 375ml,Johnson Brothers - St. Paul,St. Louis Park,1035133,Inventory Received,1.0,0.0,-1.0,Wine,Fortified,,mi,2026-09-21T00:00:00
Discrepancy,605779976251,Jinro Strawberry 375ml,Johnson Brothers - St. Paul,St. Louis Park,1035133,Inventory Received,1.0,0.0,-1.0,Wine,Fortified,,mi,2026-09-21T00:00:00
Discrepancy,795652200518,Jinro Chamisul Classico Soju 20.1% 750ml,Johnson Brothers - St. Paul,St. Louis Park,1035133,Inventory Received,1.0,0.0,-1.0,Wine,Fortified,,mi,2026-09-21T00:00:00
Discrepancy,081753833909,The Beach Rose 750ml,Oxford Street Merchants,St. Louis Park,1035135,Inventory Received,1.0,0.0,-1.0,Wine,Rose,,oos,2026-09-21T00:00:00
Discrepancy,080887551017,Bogle Juggernaut Cabernet 750ml,Phillips Wine & Spirits - St. Paul,St. Louis Park,1035137,Inventory Received,2.0,1.0,-1.0,Wine,Cabernet,,only 1 case sent,2026-09-21T00:00:00
Discrepancy,082242014380,Bota Box Nighthawk Black Cab Sauv 3L Box,Phillips Wine & Spirits - St. Paul,St. Louis Park,1035137,Inventory Received,1.0,0.0,-1.0,Wine,Cabernet,,mi,2026-09-21T00:00:00
Discrepancy,856622001013,Bieler Pere Et Fils Rose 750ml,Phillips Wine & Spirits - St. Paul,St. Louis Park,1035137,Inventory Received,1.0,0.0,-1.0,Wine,Rose,,mi,2026-09-21T00:00:00
Discrepancy,733952997103,Justin Cabernet Sauvignon 750ml,Southern Glazer's Wine & Spirits of MN,St. Louis Park,1035140,Inventory Received,1.0,0.0,-1.0,Wine,Cabernet,,mi,2026-09-21T00:00:00
Discrepancy,870661008024,Oyster Bay Sauvignon Blanc 750ml,Southern Glazer's Wine & Spirits of MN,St. Louis Park,1035140,Inventory Received,3.0,2.0,-1.0,Wine,Sauvignon Blanc,,missing 1 case,2026-09-21T00:00:00
Discrepancy,720815811201,Royal Tokaji Dry Furmint 750ml,"Breakthru Beverage Minnesota Wine & Spirits, LLC",St. Louis Park,1035141,Inventory Received,1.0,0.0,-1.0,Wine,Other Whites,Store Request,mi,2026-09-21T00:00:00
Discrepancy,8008863040029,Scarpetta Pinot Grigio 750ml,"Breakthru Beverage Minnesota Wine & Spirits, LLC",St. Louis Park,1035141,Inventory Received,1.0,0.0,-1.0,Wine,Pinot Grigio/Gris,Store Request,mi,2026-09-21T00:00:00
Discrepancy,7501801001157,Casa Magoni Chard/vermentino 750ml,"New France Wine Co, Inc",St. Louis Park,1035142,Inventory Received,1.0,0.0,-1.0,Wine,White Blends,Store Request,mi,2026-09-21T00:00:00
Discrepancy,082242017633,Bota Box Breeze Chardonnay 3L Box,Phillips Wine & Spirits - St. Paul,Stillwater,1035150,Inventory Received,1.0,0.0,-1.0,Wine,Chardonnay,,BO,2026-09-21T00:00:00
Discrepancy,605779976084,Jinro Green Grape 375ml,Johnson Brothers - St. Paul,Vadnais Heights,1035156,Inventory Received,1.0,0.0,-1.0,Wine,Fortified,,MI,2026-09-21T00:00:00
Discrepancy,605779976251,Jinro Strawberry 375ml,Johnson Brothers - St. Paul,Vadnais Heights,1035156,Inventory Received,1.0,0.0,-1.0,Wine,Fortified,,MI,2026-09-21T00:00:00
Discrepancy,605779976459,Jinro Peach 375ml,Johnson Brothers - St. Paul,Vadnais Heights,1035156,Inventory Received,1.0,0.0,-1.0,Wine,Fortified,,MI,2026-09-21T00:00:00
Discrepancy,031259009469,Yellow Tail Cab Sauvignon 1.5L,Phillips Wine & Spirits - St. Paul,Vadnais Heights,1035159,Inventory Received,1.0,0.0,-1.0,Wine,Cabernet,,MI,2026-09-21T00:00:00
Discrepancy,082242014380,Bota Box Nighthawk Black Cab Sauv 3L Box,Phillips Wine & Spirits - St. Paul,Vadnais Heights,1035159,Inventory Received,1.0,0.0,-1.0,Wine,Cabernet,,MI,2026-09-21T00:00:00
Discrepancy,082242017633,Bota Box Breeze Chardonnay 3L Box,Phillips Wine & Spirits - St. Paul,Vadnais Heights,1035159,Inventory Received,1.0,0.0,-1.0,Wine,Chardonnay,,MI,2026-09-21T00:00:00
Discrepancy,8801100130978,Good Day Lychee Soju 375ml,"Vinocopia, Inc",Vadnais Heights,1035162,Inventory Received,1.0,0.0,-1.0,Wine,Fortified,,MI,2026-09-21T00:00:00
Discrepancy,657891720915,Austin Cabernet Sauvignon 750ml,"Grape Beginnings, Inc.",Woodbury,1035166,Inventory Received,1.0,0.0,-1.0,Wine,Cabernet,,MI,2026-09-21T00:00:00
Discrepancy,085000007488,Andre Extra Dry 750ml,Johnson Brothers - St. Paul,Woodbury,1035167,Inventory Received,1.0,0.0,-1.0,Wine,Sparkling,,BO,2026-09-21T00:00:00
Discrepancy,605779976206,Jinro Plum 375ml,Johnson Brothers - St. Paul,Woodbury,1035167,Inventory Received,1.0,0.0,-1.0,Wine,Fortified,,MI,2026-09-21T00:00:00
Discrepancy,031259009469,Yellow Tail Cab Sauvignon 1.5L,Phillips Wine & Spirits - St. Paul,Woodbury,1035169,Inventory Received,1.0,0.0,-1.0,Wine,Cabernet,,BO,2026-09-21T00:00:00
Discrepancy,082242017558,Bota Box Merlot 3L Box,Phillips Wine & Spirits - St. Paul,Woodbury,1035169,Inventory Received,1.0,0.0,-1.0,Wine,Merlot,,BO,2026-09-21T00:00:00
Discrepancy,082242017633,Bota Box Breeze Chardonnay 3L Box,Phillips Wine & Spirits - St. Paul,Woodbury,1035169,Inventory Received,3.0,0.0,-3.0,Wine,Chardonnay,,BO,2026-09-21T00:00:00
Discrepancy,086003255067,The Prisoner Wine Co Prisoner Red Blend 750ml,Southern Glazer's Wine & Spirits of MN,Woodbury,1035171,Inventory Received,1.0,0.0,-1.0,Wine,Red Blends,,BO,2026-09-21T00:00:00
Discrepancy,086003861862,Woodbridge Sauv Blanc 750ml,Southern Glazer's Wine & Spirits of MN,Woodbury,1035171,Inventory Received,1.0,0.0,-1.0,Wine,Sauvignon Blanc,,BO,2026-09-21T00:00:00
Discrepancy,097921176105,Rombauer Pinot Noir 750ml,Oxford Street Merchants,Andover,1035172,Inventory Received,0.25,0.0,-0.25,Wine,Pinot Noir,Distro,not received yet ,2026-09-23T00:00:00
Discrepancy,097921877101,Rombauer Sauvignon Blanc 750ml,Oxford Street Merchants,Andover,1035173,Inventory Received,0.08,0.0,-0.08,Wine,Sauvignon Blanc,Free Goods,not received yet ,2026-09-23T00:00:00
Discrepancy,097921970109,Rombauer Chardonnay 750ml,Oxford Street Merchants,Andover,1035173,Inventory Received,0.08,0.0,-0.08,Wine,Chardonnay,Free Goods,not received yet ,2026-09-23T00:00:00
Discrepancy,097921176105,Rombauer Pinot Noir 750ml,Oxford Street Merchants,Chanhassen,1035174,Inventory Received,0.25,0.0,-0.25,Wine,Pinot Noir,Distro,MI,2026-09-23T00:00:00
Discrepancy,097921877101,Rombauer Sauvignon Blanc 750ml,Oxford Street Merchants,Chanhassen,1035175,Inventory Received,0.08,0.0,-0.08,Wine,Sauvignon Blanc,Free Goods,MI,2026-09-23T00:00:00
Discrepancy,097921970109,Rombauer Chardonnay 750ml,Oxford Street Merchants,Chanhassen,1035175,Inventory Received,0.08,0.0,-0.08,Wine,Chardonnay,Free Goods,MI,2026-09-23T00:00:00
Discrepancy,097921176105,Rombauer Pinot Noir 750ml,Oxford Street Merchants,Plymouth,1035176,Inventory Received,0.25,0.0,-0.25,Wine,Pinot Noir,Distro,not delivered,2026-09-23T00:00:00
Discrepancy,097921877101,Rombauer Sauvignon Blanc 750ml,Oxford Street Merchants,Plymouth,1035177,Inventory Received,0.08,0.0,-0.08,Wine,Sauvignon Blanc,Free Goods,not delivered,2026-09-23T00:00:00
Discrepancy,097921970109,Rombauer Chardonnay 750ml,Oxford Street Merchants,Plymouth,1035177,Inventory Received,0.08,0.0,-0.08,Wine,Chardonnay,Free Goods,notdelivered,2026-09-23T00:00:00
Discrepancy,097921176105,Rombauer Pinot Noir 750ml,Oxford Street Merchants,Woodbury,1035178,Inventory Received,0.25,0.0,-0.25,Wine,Pinot Noir,Distro,MI,2026-09-23T00:00:00
Discrepancy,097921877101,Rombauer Sauvignon Blanc 750ml,Oxford Street Merchants,Woodbury,1035179,Inventory Received,0.08,0.0,-0.08,Wine,Sauvignon Blanc,Free Goods,MI,2026-09-23T00:00:00
Discrepancy,097921970109,Rombauer Chardonnay 750ml,Oxford Street Merchants,Woodbury,1035179,Inventory Received,0.08,0.0,-0.08,Wine,Chardonnay,Free Goods,MI,2026-09-23T00:00:00
